IP,Connection Time
bkdea5wntdojxtku.onion,1548538443
if5bae4h52azfmxe.onion,1548513489
ezjy6vcbldavkgg6.onion,1548538132
7u3dlwlrnz4fr2f6.onion,1548232895
ctzuzxnvla5xvb7z.onion,1548322034
qjdens5ei2ghc4f5.onion,1548544388
uksimh4vkab63le5.onion,1548506070
72pulxp4k4nkjco2.onion,1548443992
7whaszg22pdkvfck.onion,1548371224
jtksnokusbzms7wl.onion,1548129150
cyvpgt25274i5b7c.onion,1548473317
wgw5w4omdqv34sgy.onion,1548513483
m3vfylbw5d3q6ziq.onion,1548046816
dz6f6f7qhdgjz7kk.onion,1548513490
k3i3suxlg4w27uas.onion,1548453001
uzbrujjemdvsyqxz.onion,1548513482
qj6irqn2i73edff5.onion,1548419995
po3j2hfkmf7sh36o.onion,1548371225
zf4nfw47kgvrcrsl.onion,1548432771
bxxvkb7czrxtvz2c.onion,1547982239
nogxmgjwisao75c6.onion,1548419682
duqdliptc22i6hf5.onion,1548371224
wuvgtjs66s3ucn2z.onion,1548371224
kmm7zr5eh4jnjmo3.onion,1548513482
4ls4o6iszcd7mkfw.onion,1548273417
l6vfl6zepydtoygw.onion,1548513482
do2ebqj4kzhlw444.onion,1548473607
lvqv5nehy7q472kl.onion,1548352705
eyvfxeefr4eokefr.onion,1548397061
6zynxbbupfmnvc3g.onion,1548428566
i4x66albngo3sg3w.onion,1548192692
jkdzluvkxl5o4uhs.onion,1548343385
apbbvhk32myudnyy.onion,1548364151
oplfx4c43xgzx6ip.onion,1548428566
bitcoinzi27kiwf6.onion,1548443992
lgkgcd4brjmhrqna.onion,1548254971
jlfkhuearld6kfvu.onion,1548465995
nihbp4nyxtyv2qz7.onion,1548083288
73adbm756yqegixu.onion,1548410868
gddgd6s562x4dndd.onion,1548410868
cj2nexmwocyy5unq.onion,1547983104
vemurvtu32dgcrps.onion,1548458053
i3a5xtzfm4xwtybd.onion,1548254971
7qg6jdmahfxamay5.onion,1548505175
uturfbxtazsilwgm.onion,1548473607
ul3rmazdin7ygr65.onion,1548208958
dmudsr7x7edvyglt.onion,1548255271
sslnjjhnmwllysv4.onion,1548322033
74qvj45antins3ik.onion,1548488371
5f4ysqk4eed4jcvj.onion,1548171729
odzbk575vkbyo7hu.onion,1548432772
htdpwxc6qsglltvc.onion,1548419681
dxtorauxe4mxja72.onion,1548273417
ntml2aeumyglyjlk.onion,1547989920
jfwm3umj244gxgmv.onion,1548486824
iexeeveqnnhl6n32.onion,1548453001
wepbnwwttjsm6jch.onion,1548513483
oudab5q7ruclifdv.onion,1548397051
nqkhbvckh45k6xwo.onion,1548443992
yyuxafli7fqdizhq.onion,1548473607
idt2wgpuqtsc3wo5.onion,1548465994
rs635ss24ymwyqkw.onion,1548419682
udpnp5yqvo7y4ete.onion,1548433658
hyipxou2glnor6ug.onion,1548419682
aoefyxgnpgaiw2xg.onion,1548370240
cd6dd2xacrtljbhy.onion,1548458053
yrbaccpbyge6xaba.onion,1548083596
wg3mq4ugyy2gx32b.onion,1548419682
bitcoin4rlfa4wqx.onion,1548402939
lgkvbvro67jomosw.onion,1548428841
nrrfwdmrm3imuebn.onion,1548343385
pe3ctc5oirnkb7hy.onion,1548513490
cgcv32rbbbjyyzow.onion,1548457726
m5mcgk7ijzq4ljoo.onion,1548410868
b3wcewq25n5ztmoy.onion,1548419682
cpyfqbs4fs3vnbpf.onion,1548419682
c5aourpwazvoxrqd.onion,1548138718
ap4zz4imxbdl6plr.onion,1548466318
kxs4wmwoesb3z4e4.onion,1548505176
bitcoinranliixsu.onion,1548465994
l7ixg24rwtj5sf2c.onion,1548254972
ofvcrdej7mrktvzy.onion,1548465989
7ukmyf2befzo3sda.onion,1548120530
xagl3f7tq5auvxiy.onion,1548444288
d3hqqhgr62lbnp2s.onion,1548171736
xuxtlrthafo6y42u.onion,1548473317
qr4h2oxewsajf5t7.onion,1548171729
3f6k6plwi5hvdgwq.onion,1548343385
2hczo7n5bjpxvo5t.onion,1548505768
72babb2kwinfyyii.onion,1548527338
mrwpvwqjp6rs2naf.onion,1548138720
rr4cj2exjcd7n4oa.onion,1548443992
yipvf7na66z5u3bw.onion,1548371225
yuebvwxr3fwgty55.onion,1548506070
4cii7ryno5j3axe4.onion,1548433659
djxkyiezxofdwg7w.onion,1548022473
z33nukt7ngik3cpe.onion,1548254971
4jekbh7cdlfda3ve.onion,1547999089
4flvgibnm2nld3na.onion,1548544703
v5jyiurhbbzdb3z4.onion,1548443993
5xyyg55ao2xmhw5f.onion,1548487155
2xam5w7ymwbbzdv7.onion,1548505176
toguvy5upyuctudx.onion,1548527340
ajqvsylg5xd5vs3y.onion,1548371225
2i5i6kvxoggngz67.onion,1548513483
hefe6oqp4vs67ug2.onion,1548457725
d5upe4qdsy6tit5z.onion,1548457725
gmbwx7wejkazdx37.onion,1548538444
7nui6eestaw2f7xm.onion,1548433659
vhdoxqq63xr53ol7.onion,1548451424
us2rnztwn6zpbttm.onion,1548538122
v6cmam2nyzltshuh.onion,1548433659
usgghcnu4umg24rn.onion,1548397055
ezqs3wgatxwhqeev.onion,1548443992
eiuaj2qjvbn737ph.onion,1548513483
ejqkigjavlfgily7.onion,1548192371
ydscw35avlov5j7h.onion,1548419682
zdphl22tbzcwuz7w.onion,1548458353
2empatdfea6vwete.onion,1548433950
eujvxcikghrc3b6o.onion,1548443992
mc2sa7s4zhhvswwc.onion,1548153816
urapznegw7zbbkg7.onion,1548465989
zh7hvalcgvjpoaqm.onion,1548419682
f3mtmawnshqczdeb.onion,1548544388
zm7yvu5rly6fyfaw.onion,1548473606
6tol7hiuspjfyla6.onion,1548465990
56bdqky2oqvovtw6.onion,1548443992
t7dartjnjhf762xo.onion,1548343385
7dtztj2pdnb5nxrw.onion,1548465997
mx5kdfxwowc3ymzg.onion,1547982239
xii2vuyhuyth56av.onion,1548453001
hodliooelmajvwyc.onion,1548343385
laorvegmujtokxzb.onion,1548365060
bitcoingxe5ufsb7.onion,1548458357
54hyf4oizh6o76cr.onion,1548428841
2zgnfq3c7devw2ec.onion,1548505175
27et4tn3kmxim7lf.onion,1548322033
7h2hri7mjbzb53io.onion,1548451425
chiphuvuwoietiye.onion,1548419681
cowghyhicrgn5szh.onion,1548343670
m6awvnnn7tuzo55h.onion,1548343385
4expimt45zvohi6w.onion,1548527340
gq4su6stjnosqu67.onion,1548458655
4rnzfqkmoqi7so6c.onion,1548458053
5z2she4d6fvrdnme.onion,1548538443
mmunzgkgcav7eubc.onion,1548473607
hu3wvv2xp6vn3pzf.onion,1548513187
xudkoztdfrsuyyou.onion,1548473607
gcydj5id3jcxybzr.onion,1548443993
w3q47ucyajtfic76.onion,1548371224
cw4iqvcdy67b5tpw.onion,1548076176
qpwocpl77ksa5ozs.onion,1548473316
zkw4h4emzxozfdlx.onion,1548522442
4mewwo2bfxk6lg3f.onion,1548485815
o2tku2dbsd6iumch.onion,1548473607
vu2dpxlfhxmwesej.onion,1548208959
v5fgr3fnz3nw663t.onion,1548527338
odcq43dz6c7y2nmw.onion,1548505767
c5urqrojr3rcdw3v.onion,1547983104
sgjwno6nnbfjib5p.onion,1548391695
tfvfqbkl4e53uzk2.onion,1548544388
2bfsxzluysybysnr.onion,1548254971
jdunmaocwbbnw565.onion,1548153816
4zhilusjsuall6ll.onion,1548283992
6johf47bxfybckvb.onion,1548419682
u4hrskmwdzuvlm5x.onion,1548465995
bkc2a7mvpeulntr6.onion,1548513490
jnumdbzb3hb3bmje.onion,1548538443
ydonogjpjd3me45v.onion,1548060939
jtnyfhltcd5smcap.onion,1548443994
pu7w3jfyrzp7sxsi.onion,1548397057
7qzi7ekmbkhwz36z.onion,1547994483
m6jrhrqvjbnzla3r.onion,1548037917
pxvkjp6sfb2f7foe.onion,1548465994
nrrmkgmulpgsbwlt.onion,1548544388
dw6fr4whz3npwjsy.onion,1548289722
asv7imiwvgwilw67.onion,1548505767
b6mutxpzskpeuew5.onion,1548232895
23wdfqkzttmenvki.onion,1548522442
o2gumvbkw6pm45cf.onion,1548473607
