Organisation Name,Number of Peer
Linknet-Fastnet ASN,1
"Informacines sistemos ir technologijos, UAB",9
OOO Network of data-centers Selectel,18
"Amazon.com, Inc.",1484
Bluewin,38
"Hangzhou Alibaba Advertising Co.,Ltd.",172
TimeWeb Ltd.,1
Hetzner Online GmbH,1020
Strato AG,23
Vodafone Libertel B.V.,41
"Alibaba (China) Technology Co., Ltd.",187
JSC ER-Telecom Holding,13
"DigitalOcean, LLC",623
UAB Rakrejus,34
Transip B.V.,23
Charter Communications Inc,184
Windstream Communications LLC,1
Bell Canada,25
ColoCenter b.v.,1
Zen Internet Ltd,5
OVH SAS,564
Free SAS,52
Charter Communications,62
Data Communication Business Group,11
Contabo GmbH,219
INVERSIONES GRAJEDA ANDRADE S.A,1
1&1 Internet SE,19
Vectra S.A.,4
Lynet Internett AS,5
Sharktech,5
TELUS Communications Inc.,23
Virgin Media Limited,50
Cox Communications Inc.,55
Tor network,177
netcup GmbH,37
Ellada Projects B.V. trading as Netrouting,3
Microsoft Corporation,48
TOCICI LLC,2
"Research Organization of Information and Systems, National Institute of Informatics",30
Xs4all Internet BV,55
velia.net Internetdienste GmbH,27
LeaseWeb Netherlands B.V.,47
Afrihost,5
"DAVIS COMMUNICATIONS, INC.",1
eNET Inc.,4
Liberty Global B.V.,119
Google LLC,199
EBOX,9
Online S.a.s.,105
Telefonica De Espana,31
NetCologne GmbH,8
AIS Fibre,3
"Comcast Cable Communications, LLC",284
Vodafone Kabel Deutschland GmbH,41
TK Telekom sp. z o.o.,1
Telia Company AB,14
Zheye Networks,4
CHINA UNICOM China169 Backbone,48
LF.net Netzwerksysteme GmbH,1
DataWeb Global Group B.V.,33
"GoDaddy.com, LLC",8
UpCloud Ltd,6
Israel InterUniversity Computation Center,1
ITL LLC,7
SoftLayer Technologies Inc.,14
"Linode, LLC",72
Bahnhof AB,25
Abelohost BV,3
JeffColo,2
"Infium, UAB",7
"Choopa, LLC",103
Shaw Communications Inc.,31
US Dedicated,2
"AT&T Services, Inc.",96
Internode Pty Ltd,17
QSC AG,4
"CariNet, Inc.",2
"Atlantic Broadband Finance, LLC",6
Rostelecom,36
Boston University,11
Vodafone-panafon Hellenic Telecommunications Company SA,3
MTS PJSC,8
Telstra Pty Ltd,16
"HIVELOCITY, Inc.",13
"JAB Wireless, INC.",1
Solnode Pty Ltd,3
WorldStream B.V.,58
PVimpelCom,11
"MCI Communications Services, Inc. d/b/a Verizon Business",100
Idehpardazan-e-Electronic-e-Javanan Co. (Ltd.),1
Tele Columbus AG,7
"TekSavvy Solutions, Inc.",22
TOTAL PLAY TELECOMUNICACIONES SA DE CV,2
BSE Software GmbH,3
eSecureData,1
Hydra Communications Ltd,9
SURFnet bv,4
Cloud South,2
Rogers Communications Canada Inc.,14
"Arachnitec, INC.",3
Giganet Internet Szolgaltato Kft,2
KPN B.V.,29
Ielo-liazo Services SAS,1
T-Mobile Thuis BV,9
Brno University of Technology,2
EVOBITS Information Technology SRL,2
TNNet Oy,2
1&1 Versatel Deutschland GmbH,20
Tiscali SpA,3
BIGLOBE Inc.,3
SOFTplus Entwicklungen GmbH,1
Telenet BVBA,16
ColoCrossing,17
ITsjefen AS,2
Content Delivery Network Ltd,5
Guangdong Mobile Communication Co.Ltd.,9
SFR SA,19
GANDI SAS,7
Internet-Hosting Ltd,2
Lanet Network Ltd,4
Init7 (Switzerland) Ltd.,16
Cloudsigma Ag,1
GigaMonster,1
Cablevision Systems Corp.,24
Tilaa B.V.,10
Cooolbox AD,2
Deutsche Telekom AG,82
"Namecheap, Inc.",14
HopOne Internet Corporation,1
Vodafone NZ Ltd.,4
Hot-Net internet services Ltd.,3
Netrix SAS,1
SymbioSystems LLC,1
Noyan Abr Arvan PJS,1
Home NOC Operators Group,2
SuperNetwork s.r.o.,7
North State Telephone Co.,2
Eir Broadband,1
Viewqwest Pte Ltd,2
LANTA Ltd,1
Genossenschaft GGA Maur,3
Mediateknik i Varberg AB,1
ServerAstra Kft.,1
Iomart Cloud Services Limited,8
Korea Telecom,26
Videotron Telecom Ltee,12
Mediam Oy,1
BelCloud Hosting Corporation,21
desaNet Telekommunikation Sachsen Ost GmbH,1
Net-style Atarim Ltd,1
Host Europe GmbH,29
M247 Ltd,8
"New Telesystems, Ltd.",2
"Servers.com, Inc.",6
Microplex PTY LTD,9
TELCOINABOX PTY LTD,1
Sun Network (Hong Kong) Limited - HongKong Backbone,1
Hurricane Electric LLC,38
CPS,2
Rom Electronic Company SRL,1
Probe Networks,3
,5
OOO MediaSeti,2
"O2 Czech Republic, a.s.",6
British Telecommunications PLC,50
MPOWER COMMUNICATIONS CORP.,1
SK Broadband Co Ltd,43
"Level 3 Parent, LLC",1
Metroset,1
WideOpenWest Finance LLC,9
Solar Communications GmbH,20
PJSC Bashinformsvyaz,1
SkyNet Ltd.,4
Hutchison Drei Austria GmbH,3
Unics EOOD,1
ABCDE GROUP COMPANY LIMITED,4
Optilink Ltd,1
Telia Eesti AS,9
Eonix Corporation,5
"GMO Internet,Inc",1
Telefonica Germany,9
Novus Entertainment Inc.,7
Orange,22
Spirit Communications,1
Concorde inc.,1
Castle Access Inc,1
LG DACOM Corporation,11
Gawex Media Sp. z o. o.,1
China Telecom (Group),11
BitCommand,1
UAB Cherry Servers,15
Company with additional responsibility Company BEST,1
Chulalongkorn University,1
Hosting.de GmbH,1
Denetron LLC,2
Willibald Hambammer trading as BK-DAT Electronics e.U.,1
T-Mobile Polska S.A.,1
Elisa Teleteenused AS,2
USONYX PTE LTD,1
CHT Compamy Ltd,1
Altibox AS,8
MILLICOM CABLE COSTA RICA S.A.,1
Paragon Internet Group Limited,2
Orange Polska Spolka Akcyjna,5
Volia,4
Filanco LLC,2
"Shanghai Mobile Communications Co.,Ltd.",14
VTR BANDA ANCHA S.A.,5
Megadata LLC,43
SHRD SARL,3
"Limestone Networks, Inc.",2
Cincinnati Bell Telephone Company LLC,5
"Free Software Foundation, Inc.",1
MNX Solutions LLC,1
Invitech Megoldasok Zrt.,2
"Powerhouse Management, Inc.",1
RWTH Aachen University,2
DataClub S.A.,1
RCS & RDS,14
SWITCH,5
"Nos Comunicacoes, S.A.",4
Sky UK Limited,17
Conecta-3 Telecom Sl,1
NForce Entertainment B.V.,12
Tele Danmark,6
IMC LLC.,6
PenTeleData Inc.,2
i3D.net B.V,2
HETZNER,2
Com Hem AB,9
Serverius Holding B.V.,11
ZAO Tele-Service Tula,1
Shanghai UCloud Information Technology Company Limited,2
"Interserver, Inc",5
"Liquid Web, L.L.C",1
MAROSNET Telecommunication Company LLC,3
nemox.net Informationstechnologie OG,1
Yahoo Japan Corporation,2
A.g.e. Networks Sistems S.r.l.,1
"Slovak Telecom, a. s.",5
Cyber Wurx LLC,4
COPEL Telecomunicações S.A.,3
BITel Gesellschaft fuer Telekommunikation mbH,1
Spark New Zealand Trading Ltd.,7
"FAIRPOINT COMMUNICATIONS, INC.",3
Tele 2 Nederland B.V.,5
ARTERIA Networks Corporation,2
China Mobile communications corporation,13
TelstraClear Ltd,1
CDM,1
TalkTalk,12
Krypt Technologies,6
LLC KomTehCentr,1
Zenlayer Inc,2
TELEFÔNICA BRASIL S.A,6
So-net Entertainment Corporation,4
"Frontier Communications of America, Inc.",32
Jupiter Telecommunication Co. Ltd,2
South Slope Cooperative Telephone Company,1
Xtra Telecom S.A.,13
Rainbow network limited,1
"WEDOS Internet, a.s.",1
myLoc managed IT AG,21
Extreme Ltd,1
Trans-IX B.V.,2
"WholeSale Internet, Inc.",13
"Integra Telecom, Inc.",1
VivosWeb Inc.,1
PJSC Ukrtelecom,4
Softbank BB Corp.,4
manitu GmbH,2
"CenturyLink Communications, LLC",40
DNA Oyj,13
Central Telegraph Public Joint-stock Company,2
M-net Telekommunikations GmbH,13
SECURED SERVERS LLC,5
31173 Services AB,3
Cambrium IT Services B.V.,6
"XMission, L.C.",5
UAB Kauno interneto sistemos,1
Akenes SA,4
TELE2,4
Proximus NV,14
ESCOM Ltd. - Haskovo,1
"STARNET, s.r.o.",1
Spred Ltd,1
"BENESTRA, s.r.o.",2
MaxiTEL Telecom B.V.,2
Digital Energy Technologies Ltd.,3
"Softcom Internet Communications, Inc.",2
Orange Slovensko a.s.,3
"Charter Communications, Inc",16
lagis Internet Service Provider GmbH,2
Vodafone GmbH,14
Fastweb,12
Delta Cable Communications Ltd.,1
China Next Generation Internet CERNET2,5
Vodafone Italia S.p.A.,6
MegaIntelSystems Ltd.,1
Infinity Developments Limited,2
RCN,8
Global Layer B.V.,4
ThePacific.Net Ltd,1
Ostrowski Sp. z o.o.,1
UCloud (HK) Holdings Group Limited,5
PJSC MegaFon,1
THC Projects SRL,32
Metronet (UK) Limited,1
T-Mobile Czech Republic a.s.,6
ShenZhen Topway Video Communication Co. Ltd,2
Comlink Telecom Ltd.,12
Verdina Ltd.,1
"Evocative, Inc.",2
Conseev LLC,1
Turksat Uydu Haberlesme ve Kablo TV Isletme A.S.,3
Telenor Norge AS,29
NETSEC,18
Tehnologii Budushego LLC,2
WIND Telecomunicazioni S.p.A.,5
PE Ivanov Vitaliy Sergeevich,3
MTS Inc.,1
AOFEI DATA INTERNATIONAL COMPANY LIMITED,4
"ETS TELEPHONE COMPANY, INC.",1
BVNET S.A.,2
INTERNET MULTIFEED CO.,2
Vodafone Spain,5
Teleservice Bredband Skane AB,1
Google Fiber Inc.,12
Unitymedia BW GmbH,17
"Vega-Service, LLC",2
TOV 'Dream Line Holding',2
Utex-Telecom LLC,1
Gigabit ApS,2
China Unicom Shanghai network,3
ATW Internet Kft.,3
2COM Co Ltd.,7
Exetel Pty Ltd,3
YLess4U Regional Broadband,2
Fayetteville Public Utilities,1
Companhia de Telecomunicacoes de Macau SARL,1
AS number for New World Telephone Ltd.,7
A3 Sverige AB,3
root SA,4
SonderCloud Limited,3
Quasi Networks LTD.,6
Intronex Setevye Resheniya Ltd.,1
"Perfect International, Inc",2
TELECALL TELECOMUNICACOES,1
Private Stock company Sater,1
Telecom Italia,20
Freenet LTD,1
Bouygues Telecom SA,4
Level7-AS,2
Science Production Enterprise Solver Ltd,1
Bezeq International,8
Orange Romania S.A.,1
Vodafone Australia Pty Ltd,2
CYBERDYNE,2
Global IP Networks INC,3
Gigabit Hosting Sdn Bhd,15
Advania Island ehf,5
Managed Network Systems Inc.,2
Hong Kong Broadband Network Ltd.,3
OOO National Telecommunications,1
Telemach d.o.o.,4
Uninet S.A. de C.V.,4
Baytems Holdings Oy,2
HKT Limited,11
Samara State Aerospace University (SGAU),2
IFX Networks Venezuela C.A.,1
"Telekom Slovenije, d.d.",8
Alza.cz a.s.,1
Leaseweb Asia Pacific pte. ltd.,2
Simply Transit Ltd,4
"Domain names registrar REG.RU, Ltd",10
Netmagic Datacenter Mumbai,1
"ONYX engineering, spol. s r.o.",1
NTT Communications Corporation,11
Coolhousing s.r.o.,2
Infotech Ltd.,2
Suddenlink Communications,11
Delta Softmedia Ltd.,1
"Southern New England Telephone Company and SNET America, Inc.",2
China Networks Inter-Exchange,3
ArubaCloud Limited,1
RM Engineering LLC,1
EVANZO e-commerce GmbH,3
EastLink,3
TPG Telecom Limited,19
Psychz Networks,8
Staff Center Ship Management Ltd.,1
Icc Networks Ltd,3
Orange Espagne SA,8
Serious Tubes Networks,10
Netsign Networks GmbH,2
Host Sailor Ltd.,2
"NetDiverse, LLC",1
"SWAN, a.s.",1
Artnet Spolka z ograniczona odpowiedzialnoscia,1
Start Communications,2
Ningxia West Cloud Data Technology Co.Ltd.,1
Telia Latvija SIA,2
Sibirskie Seti Ltd.,2
Snel.com B.V.,2
Cable Onda,1
Okb Progress LLC,1
Whatbox Inc.,1
JSC Kazakhtelecom,4
Jan Stetina,1
Exa Bytes Network Sdn.Bhd.,1
A1 Bulgaria EAD,11
Cable One,2
kabelplus GmbH,4
Jsc Balticom,2
"Unwired Group, Fixed Wireless Broadband Access, Sydney",1
Net By Net Holding LLC,5
P/F Telefonverkid,1
Cogeco Cable,4
Dennis Rainer Warnholz trading as active-servers.com,4
"Camp Communication Services, INC",1
SCHEDOM NV,1
"GorillaServers, Inc.",4
Annarsy SRL,1
Trentino Network S.r.l.,1
Bol Bg Iztok Ltd,2
"SALZBURG AG fur Energie, Verkehr und Telekommunikation",1
Trgovsko radiodifuzno drustvo kablovska televizija ROBI DOOEL Stip,1
OTEnet S.A.,11
EPM Telecomunicaciones S.A. E.S.P.,2
"Consolidated Communications, Inc.",2
CHINA-HK EXPRESS TRANSIT,3
MetaPeer,3
China Unicom Beijing Province Network,7
Interhost Communication Solutions Ltd.,2
Flokinet Ltd,2
Massachusetts Institute of Technology,1
Federal State Educational Institution of Higher Professional Education M.V.Lomonosov Moscow S,1
Ivanteevskie telecommunicacii Ltd,1
Tiera Centr Ltd,1
ASTELNET s.r.o.,1
Layerstack Limited,9
Citycom Telekommunikation GmbH,1
Hringdu ehf,1
RADIOGRAFICA COSTARRICENSE,2
Cygate AB,1
Accelerated IT Services GmbH,4
INSYS LLC,2
Vladivostok Telecom Ltd.,1
A1 Telekom Austria AG,9
"Centrilogic, Inc.",2
Servicos De Comunicacoes E Multimedia S.A.,2
MK Netzdienste GmbH & Co. KG,1
Midcontinent Communications,5
Kyiv Optic Networks ltd,1
Adworlds Technologies Lp,2
MPY Palvelut Oyj,1
Telepoint Ltd,1
"Lightwave Networking, LLC",2
Hiper A/S,2
"AIRWAYNET, a.s.",1
Node4 Limited,2
CLARO S.A.,8
HOSTSPACE NETWORKS LLC,4
WWZ Telekom AG,3
GHOSTnet GmbH,4
Aussie Broadband,6
Vodafone Limited,3
Tripnet AB,1
CNSERVERS LLC,2
Data Miners S.A. ( Racknation.cr ),1
Triple T Internet/Triple T Broadband,3
RIA Link Ltd,1
Asseco Data Systems S.A.,2
Fjordane It As,2
ISPpro Internet KG,8
"TULAROSA COMMUNICATIONS, INC.",1
Southern Telecommunication Company Ltd.,1
Brutele SC,4
3S S.A.,3
AT TOKYO Corporation,2
PS Internet Company LLC,2
Chatango LLC,1
Arka Universal Impex Srl,1
Master Internet s.r.o.,4
"Wisconsin CyberLynk Network, Inc.",4
"Netsville, Inc.",2
MyRepublic Ltd.,5
"Saitis Network, N.Desir",1
Cogent Communications,13
IP4B Inc.,1
HostUS,9
Verein zur Foerderung eines Deutschen Forschungsnetzes e.V.,4
Forthnet,3
Rackspace Hosting,9
Lois-net LLC,1
"The Communication Authoity of Thailand, CAT",3
Shenzhen Tencent Computer Systems Company Limited,19
"Host Duplex, LLC",1
Bursabil Teknoloji A.S.,1
"Nexeon Technologies, Inc.",1
TDS TELECOM,4
Korea Advanced Institute of Science and Technology,1
Elisa Oyj,13
"Kinetix Broadband, LLC",1
ISI Line srl,1
Dragon Internet a.s.,2
"Speedy Cloud International Co., Ltd",4
Meganet-2003 LLC,1
LIWEST Kabelmedien GmbH,4
HEG US Inc.,9
Magticom Ltd.,2
Gorset Ltd.,1
Ucom LLC,3
Scientific-Production Enterprise Information Technologies Ltd,1
Voyager Internet Ltd.,2
Xenosite B.V.,2
Reti Telematiche Italiane S.p.A. (Retelit S.p.A.),1
FiberSunucu internet Hizmetleri Ugur Pala,2
Seti Weba Ltd,3
"Farmers Telephone Cooperative, Inc.",1
Webpass Inc.,7
Alsenet SA,2
LES.NET,1
Get AS,9
cloudscale.ch AG,1
"Tencent Building, Kejizhongyi Avenue",17
EHOSTICT,3
Sonic Telecom LLC,6
JCR COMERCIO E SERVICOS DE TELECOMUNICACOES LTDA,1
Albanian Telecommunications Union SH. P.K.,1
Renater,2
Omskie kabelnye seti Ltd.,1
Unilogic Networks B.V.,2
Partner Communications Ltd.,1
CHINANET SiChuan Telecom Internet Data Center,3
SEACOM-AS,1
"T-2, d.o.o.",10
Condointernet.net,1
Viettel Group,1
Leaseweb Deutschland GmbH,8
"Hawaiian Telcom Services Company, Inc.",2
"WestHost, Inc.",1
Beanfield Technologies Inc.,1
Hardwork Cable and Internet Services Pvt Ltd,1
ML Consultancy,1
Hosting Operator eServer.ru Ltd.,4
Ultramarine JSC,1
Triple C Cloud Computing Ltd.,1
Neighbourhood Connect,1
Lakeland Networks,1
vanoppen.biz LLC,6
Tamatiya EOOD,1
e-utp.net Marcin Gondek,1
Vodacom-VB,1
Pohang University of Science and Technology,4
CentroNet a.s.,1
JSC ISPsystem,2
Cipherkey Exchange Corp.,2
Puhelinosuuskunta LPO,1
"No.293,Wanbao Avenue",2
World News PTE. LTD,1
Stephost Srl,1
Vietnam Posts and Telecommunications (VNPT),2
"WANSecurity, Inc.",1
Pars Online PJS,1
WildPark Co,1
"ARP NETWORKS, INC.",2
Societe Electrique des Forces de l'Aubonne,1
"3dB Wireless, Inc",1
Cyprus Telecommunications Authority,2
Intersvyaz-2 JSC,1
"Unitedlayer, Inc.",2
UK-2 Limited,1
Mega-Line Ltd.,2
VeloxServ Communications Ltd,1
Bulsatcom EAD,3
Zyztm Research Division 10 B.V.,3
PortTelekom LLC,1
Vivacom,3
Kauno Technologijos Universitetas,1
"Chubu Telecommunications Company, Inc.",2
MobileOne Ltd. Mobile/Internet Service Provider Singapore,3
Monkey Brains,1
Obenetwork AB,3
"Vodafone Ono, S.A.",4
home.pl S.A.,1
Aruba S.p.A.,7
HEXATOM s.a.r.l.,1
"eHAMnet, s.r.o.",1
"Henan Mobile Communications Co.,Ltd",3
NYNEX satellite OHG,1
EDPNET,3
"University of California, Los Angeles",1
Euronet Communications B.V.,3
"Plexicomm, LLC",1
Kviknet.dk ApS,1
Colombia,1
TeraGo Networks Inc.,1
Trafcom Sp. z o.o.,1
Telefonica de Argentina,3
DaLi,1
KDD HONG KONG LIMITED,1
Contina,1
UnderNet LLC,2
Pentanet Pty Ltd - bringing Perth's internet up to speed,1
"Greenlight Networks, LLC",1
Solcon Internetdiensten B.V.,2
"DataShack, LC",8
Doruk Iletisim ve Otomasyon Sanayi ve Ticaret A.S.,1
VIRTBIZ Internet Services,2
Shinjiru Technology Sdn Bhd,5
Broadnet AS,1
ZeelandNet BV,1
"Telecom Baltia, sia",1
"Bharti Airtel Ltd., Telemedia Services",1
LIONLINK NETWORKS,1
Hyperoptic Ltd,7
Fiberpipe Inc.,1
SAKURA Internet Inc.,9
Multimedia Polska S.A.,2
Chaos Computer Club Berlin e.V.,2
SMILESERV,9
"Think On, Inc.",1
Orion Telekom Tim d.o.o.Beograd,1
DIGI Tavkozlesi es Szolgaltato Kft.,3
PLINQ BV,1
CESNET z.s.p.o.,2
Interphone Ltd.,1
Rin Trans Activ Srl,4
Korporatvniy partner Ltd,1
Host Universal Pty Ltd,1
Teleradiocompany Discovery Ltd.,1
Steadfast,3
CABLEVISION S.A.,4
Australian Private Networks Pty Ltd,1
FH OOe Studienbetriebs GmbH,2
SkyMesh Pty Ltd,3
"Axtel, S.A.B. de C.V.",5
Lightstream Transmission and Telecom Inc,1
Uniti Wireless Pty Ltd,1
Destiny Caro Ltd.,1
ecotel communication ag,2
Nessus GmbH,1
Kvartal Plus Ltd,1
"CANTV Servicios, Venezuela",5
Bradler & Krantz GmbH & Co. KG,6
Hotwire Communications,1
Babillard Synapse Inc.,1
"INTERNET CZ, a.s.",2
iiNet Limited,1
Nagravision SA,1
MSTN CJSC,2
Ukrcom Ltd,1
Egor Timoshenko,1
NatCoWeb Corp.,1
"Przedsiebiorstwo Ajc 2 S.c. Ozga Adam, Kubala Jaroslaw, Ozga Konrad",1
UDomain Web Hosting Company Ltd,1
"HostHatch, Inc",5
State Educational Enterprise of Higher Professional Education Novosibirsk State Technical Un,1
Tov berlayn,1
Daisy Communications Ltd,2
Tele2 SWIPnet,1
Trader soft LLC,1
Fop Iliushenko Volodymyr Olexandrovuch,1
Snap Internet Limited,2
Arrowhead A/S,1
23media GmbH,4
COOL-IDEAS,3
Eniig Fiber A/S,2
"INTERRA telecommunications group, Ltd.",1
"Peak Internet, LLC",1
Telecentro S.A.,5
wilhelm.tel GmbH,2
Kcom,1
Stack Data Network LLC,1
UniFone New Zealand Ltd,1
Entanet,1
US Internet Corp,1
Brightstar Limited,1
"VegasNAP, LLC",1
Relink LTD,2
DISTRIBUTEL COMMUNICATIONS LTD.,1
Vocus Connect International Backbone,1
MivoCloud SRL,2
"Highwinds Network Group, Inc.",1
CommunityRack.org Verein,3
Deutsche Glasfaser Wholesale GmbH,1
IPV6 Internet Ltda,1
Internap Corporation,1
Internet Data Center Service,2
State Enterprise Scientific and Telecommunication Centre Ukrainian Academic and Research Netw,3
Wind Hellas Telecommunications SA,3
UK Dedicated Servers Limited,3
Sure Guernsey Limited,1
"CORNERSTONE TELEPHONE COMPANY, LLC",1
CAIW Diensten B.V.,2
ARLINK S.A.,1
FranTech Solutions,1
Hathway IP Over Cable Internet,1
Netlink Sp. z o o,1
Ell Innovations Pvt Ltd,1
"Joe's Datacenter, LLC",2
Consortium GARR,3
Freifunk Rheinland e.V.,2
Rackspace IT Hosting AS IT Hosting Provider Hong Kong,3
Claranet Ltd,2
Internet Invest Ltd.,2
ADCDATA.COM,2
Republican Unitary Telecommunication Enterprise Beltelecom,4
Roller Network LLC,1
"Telia Lietuva, AB",3
Hostkey B.v.,1
Colocation America Corporation,1
"Leaseweb USA, Inc.",3
Webair Internet Development Company Inc.,1
RamNode LLC,4
Primus Telecommunications Canada Inc.,1
Web Werks India Pvt. Ltd.,1
COMMUNITY NETWORK CENTER INC.,1
Entidad Publica Empresarial Red.es,1
Luxembourg Online S.A.,2
SIA Lattelecom,3
KOMAX OOD,5
Vox-Telecom,2
True B.V.,1
SOPRADO GmbH,1
Sunrise Communications AG,7
Information and Communication Technologies LLC,1
University of Innsbruck,1
Voxility LLP,6
TORAT Private Enterprise,1
(aq) networks limited,1
NSS S.A.,3
"The University of Melbourne, Melbourne, Victoria",1
Datacheap Ltd.,2
Xiamen,1
KMTelecom,1
BIZNET NETWORKS,1
KAMNET Kamil Turon,1
iCONNECT,1
AVK-Wellcom Ltd.,1
"Fundacio Privada per a la Xarxa Lliure, Oberta i Neutral, guifi.net",1
NET1 Ltd.,3
University of Michigan,1
"Starry, Inc.",1
"Whiz to Coho, Inc.",1
Multinet24 Sp.zoo,1
Digital United Inc.,1
ICT Elmo Oy,1
Yelm Telephone Company,1
Ecuadortelecom S.A.,1
HGC Global Communications Limited,2
"Dotsi, Unipessoal Lda.",3
TBC,1
DAOU TECHNOLOGY,4
"Grande Communications Networks, LLC",2
"Zhengzhou Fastidc Technology Co.,Ltd.",2
Business System Telecom,1
Veganet Teknolojileri ve Hizmetleri LTD STI,1
TerraHost AS,2
Telia Stofa A/S,3
Optibit LLC,1
RIO Media a.s.,1
Owensboro Municipal Utilities,1
Sardegna Wifi Srl,1
MYREPUBLIC PTY LTD,2
"National Telecom, CJSC",2
TTC TELEKOMUNIKACE s.r.o.,1
JSC Silknet,2
Linea Com S R L,1
Mojo Networks,2
OJS Moscow city telephone network,4
Duocast B.V.,2
Telenet Ltd.,1
Salt Mobile SA,2
"Syringa Networks, LLC",1
Trollfjord Bredband AS,2
Cerberus Networks Ltd,3
Telecom Liechtenstein AG,1
The Optimal Link Corporation,1
"Lightspeed Communications, LLC",1
CASCADELINK INC,2
LADYSMITH-WIRELESS-SOLUTIONS,2
CJSC Ekran,1
Private Layer INC,1
TOV IT-Park,1
Andrews & Arnold Ltd,4
Wi-Manx Limited,1
Telkom-Internet,1
"Splius, Uab",1
OPTINET,2
PE Freehost,1
PODA a.s.,1
Armstrong Cable Services,2
Hong Kong FireLine Network LTD,2
DataCity,1
Ovi Hosting Pvt Ltd,1
MAXNETWORK s.r.o.,1
Limited Liability Company Izet Telecom Ural,1
LLC Internet Tehnologii,1
Hi-Net Srl,1
Server North,1
LLC PioneerNet,1
Cable Axion Digitel Inc.,2
Internet Initiative Japan Inc.,1
Cogeco Peer 1,3
EvoNet-AS,1
Pacific Servers Inc.,2
Mediacom Communications Corp,6
WIDE Project,3
VNPT Corp,3
Primus Telecommunications,1
PAVLOV MEDIA INC,1
Nevalink LTD,1
Megasvyaz LLC,2
SIA Latnet,1
T-Mobile Austria GmbH,4
Ratt Internet Kapacitet i Sverige AB,1
EE Limited,4
Fastmetrics,1
Hrvatski Telekom d.d.,2
RadioLAN spol. s r.o.,1
Iskratelecom CJSC,3
Astimp IT Solution SRL,1
PlusServer GmbH,2
sprint S.A.,1
QuadraNet Enterprises LLC,7
Ownit AB,1
Telset ltd,1
"Immedion, LLC",1
"University of Tennessee, Knoxville",1
StarNet Solutii SRL,1
KPT Network B.V.,1
"Take 2 Hosting, Inc.",1
Protected.CA Inc.,2
NetCom BW GmbH,1
Curacao Technology Exchange N.V (CTEX),1
Telmex Colombia S.A.,3
Telemar Norte Leste S.A.,1
Tellcom Iletisim Hizmetleri A.s.,1
"Black Mesa Wireless, LLC.",1
WANANCHI,1
ENERGOTEL a.s.,1
Coditel Brabant SPRL/BVBA,1
Empire Access,1
"Comporium, Inc",1
Wien Energie GmbH,1
"Talent House, Inc.",2
"Internet Keeper Technology(International) Co., Limited",1
"Data 102, LLC",1
combahton IT Services,1
Tigova Bilisim A.s.,1
Premier Communications,1
TENET Scientific Production Enterprise LLC,1
Quintex Alliance Consulting,1
ACONET,1
PE Zinstein Hariton Vladimirovich,1
On-Call Solutions,3
University of Waterloo,1
NextGenTel AS,1
NPP Saturn Telecom Ltd.,1
LLC Digital Network,1
PogoZone,2
Starry Network Limited,1
Keyweb AG,1
Tieteen tietotekniikan keskus Oy,1
Telecommunication networks Ltd,2
Southern Methodist University,1
Liden Data Internetwork AB,1
Novotelecom Ltd,2
System Service Ltd.,2
Whidbey Telephone Company,1
Serverel Inc.,2
Varna Net Ltd.,1
Comcable SA,1
Xirra GmbH,1
iWeb Technologies Inc.,4
Fundación Centro Nacional de Innovación Tecnológica (CENIT),1
Econnect Telecom,1
New Wave Communications,1
Webhosting Holdings LLC,1
"StoreRunner, Inc.",1
Pulsant (Scotland) Ltd,1
Procono S.A.,1
Stek Kazan LLC,1
WIZ TECHNOLOGIES,2
Closed Joint Stock Company TransTeleCom,2
China Mobile Communicaitons Corporation,1
Hosting Solution Ltd.,2
Fizichna Osoba-pidpriemec Anohin Igor Valentinovich,1
Net Global Srl,1
Portlane AB,2
Kyivstar PJSC,3
Starhub Ltd,3
Ukfast.net Limited,1
B Communications Ltd,3
Citycable,2
Charles River Operation,1
"Hoster kg, Ltd.",2
Aalto University Student Union,1
Perspectiva Ltd.,2
Tele Asia Limited,1
Private Joint-stock Company farlep-invest,1
Naukowa I Akademicka Siec Komputerowa Instytut Badawczy,1
CloudVPS B.V.,2
Magyar Telekom plc.,2
Layer Sistem tic. ltd. sti.,1
"AC, Private Enterprise",1
green.ch AG,3
"Versaweb, LLC",1
NETAIR s.r.o.,2
htp GmbH,1
Clouvider Limited,2
Telia Finland Oyj,6
PRO-ZETA a.s.,1
Routit BV,1
"Dial Telecom, a.s.",1
Nevod Ltd,1
CORPORACION NACIONAL DE TELECOMUNICACIONES - CNT EP,1
Corbina Telecom LLC,2
NUS Information Technology,1
University of California at Berkeley,1
LLC Multiservice,1
"U.S. COLO, LLC",1
"TM Net, Internet Service Provider",4
Lightup Network Solutions GmbH & Co. KG,1
Itace International Limited,2
Duke University,1
Slovanet a.s.,1
H88 S.A.,1
"Tianxin Group Co., Limited",1
SUPERMEDIA Sp.z.o.o.,1
"GENERAL COMMUNICATION, INC.",1
"Sail Internet, Inc.",1
NODE1 Internet,1
OOO Trivon Networks,1
ThinkDream Technology Limited,2
HostMySite,1
Get-Net LLC,1
"R Cable y Telecomunicaciones Galicia, S.A.",1
AlpineDC SA,1
"Broadband VI, LLC",1
Faust Isp Ltd.,1
Host-Telecom.com s.r.o.,1
TOT Public Company Limited,2
Meiji University,1
"Jupiter Telecommunications Co., Ltd.",1
Cronyx Plus Ltd.,1
PASWER INTERNATIONAL S.A.,3
Ip Core Corporation,1
E24 Sp. z o.o.,1
Ooredoo Q.S.C.,1
Netorn LLC,1
PE Brezhnev Daniil,2
INETHD Pawel Urban,1
"CYBERCON, INC.",1
Mike Kaldig,1
Proline TM Ltd.,1
Vautron Rechenzentrum AG,1
Sabay Digital (Cambodia),2
Telecom Italia San Marino S.p.A,1
Equinix Turkey Internet Hizmetleri Anonim Sirketi,2
CHINANET Hubei province network,1
Iway AG,5
"T3 Communications, Inc.",1
dogado GmbH,2
2 Cloud Ltd.,1
"Latisys-Chicago, LLC",1
"tzulo, inc.",2
HUAWEI CLOUDS,2
Comnet Bulgaria Holding Ltd.,1
kbro CO. Ltd.,1
CHINANET Guangdong province network,1
Traffic Broadband Communications Ltd.,1
"Cyber Cast International, S.A.",1
Bharti Airtel Ltd. AS for GPRS Service,1
ICN Ltd.,3
Prima S.A.,2
"QTnet,Inc.",1
Elbracht-Computer Netzwerk & Grafik Service GmbH,1
JSC Tinkoff Credit Systems Bank,1
Lancom Ltd.,1
Desync Networks,2
"Shanghai Anchang Network Security Technology Co.,Ltd.",5
"Beijing Baidu Netcom Science and Technology Co., Ltd.",2
BOLT Fiber Optic Services,1
Andorra Telecom Sau,1
Coreix Ltd,1
Island Servers LTD,1
Bredband2 AB,1
China Education and Research Network Center,1
Fishnet Communications LLC,4
Cronomagic Canada Inc.,1
LDeX Connect LTD,1
ALTICE DOMINICANA S.A.,1
University Linz,1
Netsons s.r.l.,1
Joshua Peter McQuistan,1
SINP MSU,1
Pe3ny Net s.r.o.,1
"Blue Ridge Websoft, LLC",1
Nextgen Communications Srl,1
GleSYS Internet Services AB,2
Entel S.A. - EntelNet,1
VNET a.s.,1
"TierPoint, LLC",1
Parfumuri Femei.com SRL,1
ViaNetTV Inc,1
Net at Once Sweden AB,1
Netassist Limited,1
TBayTel,1
Columbus Communications Trinidad Limited.,1
"RECONN. Operator Svyazi, LLC",2
OJSC Comcor,2
"Zachodniopomorski Uniwersytet Technologiczny w Szczecinie, Akademickie Centrum Informatyki",1
Makonix SIA,1
CtrlS Datacenters Ltd.,1
Root B.V,1
JSC Mediasoft ekspert,1
KaseNet oy,1
Quickline AG,2
Turk Telekom,1
Center for Information Technologies Fobos Ltd.,2
MediaServicePlus LLC,3
Reliable Hosting Services,1
Ukrainian Internet Names Center LTD,1
netplus.ch SA,1
EPB Fiber Optics,3
EZIT Kft.,1
America-NET Ltda.,1
"Shentel Communications, LLC",1
EOLO S.p.A.,1
Philippine Long Distance Telephone Company,3
Serbia BroadBand-Srpske Kablovske mreze d.o.o.,2
senseLAN GmbH,1
PP IF-IX,1
Emirates Telecommunications Corporation,2
Vereinigte Stadtwerke Media GmbH,1
Gigaclear PLC,1
UAB Baltnetos komunikacijos,1
ServiHosting Networks S.L.,1
SOUTH ARKANSAS TELEPHONE COMPANY,1
Longmont Power & Communications,2
"NIPA TECHNOLOGY CO., LTD",1
Guangdong,1
Cifrova Kabelna Korporacia EOOD,1
Internet Group GmbH,1
Manquehuenet,1
R-KOM Regensburger Telekommunikationsgesellschaft mbH & Co. KG,1
Nxtservers Srl,1
"QuickPacket, LLC",1
"Nowo Communications, S.A.",1
BKK Digitek AS,1
BEKKOAME INTERNET INC.,1
Croatian Academic and Research Network,2
Kangaroot BVBA,1
Sia Mits Lv,1
KINX,1
"Atlantic Metro Communications, LLC",1
FASTER CZ spol. s r.o.,1
CJSC Information Systems,1
Geodim Ltd.,1
A2A Smart City S.P.A,1
Gridhost,1
HASHIKMA NGN International Communications 015LTD,1
Singtel Fibre Broadband,3
SATELIT SERVIS Ltd,1
Amanah Tech Inc.,1
"FreeTel, s.r.o.",1
KDDI CORPORATION,2
TOPWAY GLOBAL LIMITED,2
ANTIK Telecom s.r.o,1
Mlodziezowa Spoldzielnia Mieszkaniowa,1
Wnet Ukraine LLC,1
"BCI Mississippi Broadband,LLC",1
University of Southern California,1
Telefonica del Peru S.A.A.,1
10G.KZ LLC,1
Irideos S.p.A.,2
Aura Fiber OE A/S,1
Lyssna & Njut Radio & TV AB,1
Thuega SmartService GmbH,1
Liberty Cablevision of Puerto Rico,1
Swiftway Sp. z o.o.,1
NYI,1
Saint-Petersburg Computer Networks Ltd.,1
TransACT Capital Communications Pty Limited,1
Casablanca INT,1
IT7 Networks Inc,1
Telekom Romania Communication S.A,1
OOO WestCall Ltd.,2
013 NetVision Ltd,2
Lightning Broadband Pty Ltd,1
Consorci de Serveis Universitaris de Catalunya,2
Monaco Telecom,1
OOO Sirius-Project,1
Limited Liability Company Relcom Group,2
Joint-stock company Orient-Telecom,1
Internet Thailand Company Limited,1
CS LOXINFO Public Company Limited.,2
"True Internet Co.,Ltd.",1
Volkhov Online Ltd,1
Yes Networks Unlimited Ltd,1
ZAP-Angola,1
Foilhat LLC,1
University of Houston,1
AS Data(Hong Kong)Limited,1
Rakuten Communications Corp.,1
Bytemark Limited,1
OOO PC,1
servinga GmbH,2
UAB Cgates,1
UVT Internet s.r.o.,1
"TRUEINTERNET Co.,Ltd.",1
Manifold Services Inc,1
RT Electronics 2015 EOOD,1
Input Output Flood LLC,1
Greek Research and Technology Network S.A,1
"Buckeye Cablevision, Inc.",2
HighSpeed Office Limited,1
Internet Bermuda Limited,1
Simplus Invest SRL,1
Stadtwerke Konstanz GmbH,2
Web + Phone GmbH,1
PE Gritcun Oleksandr Viktorovich,1
Neology (Pty) Ltd,1
Virtual Systems LLC,1
Vodafone Ireland Limited,1
Vodafone Qatar Q.S.C.,1
SAGLAYICI Teknoloji Bilisim Yayincilik Hiz. Ticaret Ltd. Sti.,1
Shine Servers Llp,1
Filoo GmbH,1
Telekomunikacja Podlasie Sp. z o.o.,1
Sejong Telecom,1
Elisa Eesti AS,1
United Telecommunication Services (UTS),1
"5Nines Data, LLC",1
Universitaet Stuttgart,1
Iowa State University,1
M SAT Cable SA,1
Hosting Ukraine LTD,1
Stiftelsen Goteborgs Studentbostader,1
Nej.cz s.r.o.,1
Network Internet,1
"Proimage Engineering and Communication Co.,Ltd.",1
"Infobunker, L.L.C.",1
Orange Belgium SA,1
IP-Net s.r.o.,1
PP Serih Olena Petrovna,1
47-2339071,1
Uniserver Internet B.V.,1
JACKSON ENERGY AUTHORITY,1
Emirates Integrated Telecommunications Company PJSC (EITC-DU),1
Access2.IT Group B.V.,3
POST Luxembourg,2
Petersburg Internet Network ltd.,1
IT Systematic Group Bukowczyk Piotr,1
BRAVO TELECOM,1
FAMOUS WORKER,1
Spin Internet Service,1
"InMotion Hosting, Inc.",1
"Home Telephone Company, Inc.",1
JMDI Jacek Maleszko,1
Digital Cable Systems S.A.,1
Drexel University,1
CallPlus Services Limited,2
Jump Networks Ltd,1
TELEKOM SRBIJA a.d.,1
INEA S.A.,1
HZ Hosting Ltd,1
ARNES,1
BiConsult Eood,1
"Everywhere Wireless, LLC",1
SAFARICOM-LIMITED,1
Fiberby ApS,1
LUS Fiber,1
Tischuik Veaeslav Ooo,1
Neterra Ltd.,1
FOP Demchuk Sergiy Olexandrovuch,1
Mammoth Media Pty Ltd,1
Ch-net S.r.l.,1
NETH LLC,1
zColo,1
Ceskomoravske informacni systemy s.r.o.,1
Hong Kong University of Science and Technology,1
METROFIBRE-NETWORX,1
itself s.r.o.,1
JSCC Interdnestrcom,1
Cherryland Services Inc,1
Institute for Information Transmission Problems of the Russian Academy of Sciences of A.A. Kh,1
VSE NET GmbH,1
Jisc Services Limited,1
Miconet Sp. z o.o.,1
TIME dotCom Berhad,1
HostSlim B.V.,1
ECS Rockenschaub GmbH,1
Ilm-Provider UG (haftungsbeschraenkt),1
UNIVERSITY OF SOUTH FLORIDA,1
JTL,1
Internet Expert s.r.o.,1
Infolink Global Corporation,1
WESTERN IOWA TELEPHONE ASSOCIATION (A COOPERATIVE),1
Stadtwerke Hammelburg GmbH,1
Berford Solutions Ltd,1
JTGlobal,1
SingleHop LLC,1
Web4Africa,1
"Airstream Communications, LLC",1
Systemia.pl Sp. z o.o.,1
