"('Delta Softmedia Ltd.', 197216)",1
"('FAIRPOINT COMMUNICATIONS, INC.', 13977)",1
"('I.C.S. Trabia-Network S.R.L.', 43289)",1
"('AnyGaming Ltd.', 209870)",1
"('cloudscale.ch AG', 59414)",1
"('HZ Hosting Ltd', 61046)",1
"('Cherryland Services Inc', 13904)",1
"('Longmont Power & Communications', 393552)",1
"('Thuega SmartService GmbH', 198726)",1
"('Massachusetts Institute of Technology', 3)",1
"('LIONLINK NETWORKS', 54098)",1
"('IT7 Networks Inc', 25820)",1
"('Elm Datacenter LLC', 46537)",1
"('Plexicomm, LLC', 62727)",1
"('Delta Cable Communications Ltd.', 22799)",1
"('Access Media Holdings, LLC', 8092)",1
"('Atlantic Broadband Finance, LLC', 32448)",1
"('BCI Mississippi Broadband,LLC', 46687)",1
"('Spin Internet Service', 18390)",1
"('Vodafone NZ Ltd.', 9500)",1
"('Internet Expert s.r.o.', 57294)",1
"('JSC ER-Telecom Holding', 42145)",1
"('FOP Demchuk Sergiy Olexandrovuch', 56668)",1
"('Trafcom Sp. z o.o.', 201046)",1
"('Aerotek Bilisim Sanayi ve Ticaret AS', 42807)",1
"('Azienda Pubbliservizi Brunico', 57469)",1
"('Dgn Teknoloji A.s.', 43260)",1
"('Amarutu Technology Ltd', 206264)",1
"('e-utp.net Marcin Gondek', 56662)",1
"('Internet Data Center Service', 134166)",1
"('Rackspace Hosting', 19994)",1
"('Unet B.V.', 29396)",1
"('Rocket Fiber', 394141)",1
"('TransACT Capital Communications Pty Limited', 7718)",1
"('XFone 018 Ltd', 47956)",1
"('Tele Columbus AG', 20880)",1
"('Novotelecom Ltd', 31200)",1
"('ATW Internet Kft.', 41075)",1
"('JSC Mediasoft ekspert', 48347)",1
"('510 Software Group', 40484)",1
"('Condointernet.net', 54858)",1
"('Global IP Networks INC', 7819)",1
"('CYBERCON, INC.', 7393)",1
"('Hostwinds LLC.', 54290)",1
"('Unitedlayer, Inc.', 23342)",1
"('Empire Access', 40545)",1
"('IP4B Inc.', 26413)",1
"('GLOBALTELEHOST Corp.', 62563)",1
"('Charles River Operation', 64249)",1
"('GTHost', 63023)",1
"('Econnect Telecom', 52558)",1
"('SAFARICOM-LIMITED', 33771)",1
"('Netsign Networks GmbH', 31078)",1
"('Ventelo Hosting AS', 50608)",1
"('A1 Bulgaria EAD', 13124)",1
"('Baytems Holdings Oy', 60414)",1
"('inexio Informationstechnologie und Telekommunikation Gmbh', 42652)",1
"('Infinity Developments Limited', 12496)",1
"('MediaServicePlus LLC', 205125)",1
"('Hiper A/S', 203953)",1
"('IDC, China Telecommunications Corporation', 23724)",1
"('INVERSIONES GRAJEDA ANDRADE S.A', 265684)",1
"('FibreStream, Inc.', 395570)",1
"('Webhosting Holdings LLC', 11343)",1
"(None, 266809)",1
"('CtrlS Datacenters Ltd.', 18229)",1
"('Vivacom', 8866)",1
"('Private Layer INC', 51852)",1
"('JSC Neotelecom', 44417)",1
"('Vodafone-panafon Hellenic Telecommunications Company SA', 3329)",1
"('Reti Telematiche Italiane S.p.A. (Retelit S.p.A.)', 28716)",1
"('TTC TELEKOMUNIKACE s.r.o.', 52176)",1
"('Systemia.pl Sp. z o.o.', 15969)",1
"('Pulsant (Scotland) Ltd', 12703)",1
"('Eonix Corporation', 62904)",1
"('Ningxia West Cloud Data Technology Co.Ltd.', 135629)",1
"('LinkChina Telecom Global Limited.', 135386)",1
"('SingNet', 3758)",1
"('Companhia de Telecomunicacoes de Macau SARL', 4609)",1
"('TRUEINTERNET Co.,Ltd.', 9287)",1
"('CPSNET Internet Providing', 15498)",1
"('OOO Sirius-Project', 51408)",1
"('Splius, Uab', 25406)",1
"('BKK Digitek AS', 8542)",1
"('Filanco LLC', 3175)",1
"('Kangaroot BVBA', 28707)",1
"('Infolink Global Corporation', 15083)",1
"('TULAROSA COMMUNICATIONS, INC.', 11711)",1
"('Whidbey Telephone Company', 3853)",1
"('Evocative, Inc.', 11051)",1
"('DAVIS COMMUNICATIONS, INC.', 62511)",1
"('Dallas Infrastructure Services, LLC', 393398)",1
"('Bluebird Network', 62943)",1
"('Krypt Technologies', 35908)",1
"('eSecureData', 11831)",1
"('Brazos WiFi', 53423)",1
"('TeraGo Networks Inc.', 19875)",1
"('JAB Wireless, INC.', 17306)",1
"('Castle Access Inc', 22489)",1
"('Cyber Wurx LLC', 22653)",1
"('GENERAL COMMUNICATION, INC.', 8047)",1
"('KMTelecom', 32264)",1
"('Cable Axion Digitel Inc.', 30466)",1
"('Cascade Access, LLC', 25840)",1
"('Armstrong Cable Services', 27364)",1
"('University of Illinois', 38)",1
"('Allo Communications LLC', 15108)",1
"('US Internet Corp', 10242)",1
"('DISTRIBUTEL COMMUNICATIONS LTD.', 11814)",1
"('FAIRPOINT COMMUNICATIONS, INC.', 13672)",1
"('Evocative, Inc.', 18672)",1
"('Montana Digital, LLC.', 33501)",1
"('Take 2 Hosting, Inc.', 20248)",1
"('HopOne Internet Corporation', 14361)",1
"('123.Net, Inc.', 12129)",1
"('PogoZone', 23175)",1
"('Whiz to Coho, Inc.', 11195)",1
"('LUS Fiber', 25921)",1
"('Geodim Ltd.', 29687)",1
"('Puhelinosuuskunta LPO', 42621)",1
"('Brightstar Limited', 42228)",1
"('Hutchison Drei Austria GmbH', 8437)",1
"('OJSC Comcor', 15582)",1
"('(aq) networks limited', 33920)",1
"('FreeTel, s.r.o.', 8251)",1
"('Yes Networks Unlimited Ltd', 62160)",1
"('DIANET Ltd.', 43314)",1
"('Telepoint Ltd', 31083)",1
"('Brutele SC', 12392)",1
"('Webzilla B.V.', 35415)",1
"('Gigaclear Limited', 56329)",1
"('SilesNet s.r.o.', 43709)",1
"('Ehinet Srl', 43989)",1
"('NETAIR s.r.o.', 44065)",1
"('TELEKOM SRBIJA a.d.', 8400)",1
"('Afranet', 25184)",1
"('Vodafone Qatar Q.S.C.', 48728)",1
"('Zachodniopomorski Uniwersytet Technologiczny w Szczecinie, Akademickie Centrum Informatyki', 13119)",1
"('Arka Universal Impex Srl', 51461)",1
"('NextGenTel AS', 15659)",1
"('JMDI Jacek Maleszko', 41676)",1
"('Blicnet d.o.o.', 21107)",1
"('Hosting.de GmbH', 31333)",1
"('RouteLabel V.O.F.', 198203)",1
"('INTERNET CZ, a.s.', 24806)",1
"('AC-Net Externservice AB', 25176)",1
"('P/F Telefonverkid', 15389)",1
"('Hostinger International Limited', 47583)",1
"('A3 Sverige AB', 15782)",1
"('Nej.cz s.r.o.', 41046)",1
"('SWAN, a.s.', 5578)",1
"('New Telesystems, Ltd.', 31036)",1
"('PJSC Industrial Media Network', 25521)",1
"('SALZBURG AG fur Energie, Verkehr und Telekommunikation', 8445)",1
"('nemox.net Informationstechnologie OG', 31394)",1
"('lagis Internet Service Provider GmbH', 35369)",1
"('PJSC Bashinformsvyaz', 28812)",1
"('Stek Kazan LLC', 60651)",1
"('Coditel Brabant SPRL/BVBA', 44216)",1
"('Netia SA', 12741)",1
"('Vautron Rechenzentrum AG', 25504)",1
"('Closed Joint Stock Company TransTeleCom', 31364)",1
"('UAB Bite Lietuva', 13194)",1
"('Iskratelecom CJSC', 29124)",1
"('Nte Marked As', 34087)",1
"('Jump Networks Ltd', 8943)",1
"('Tigova Bilisim A.s.', 210099)",1
"('Prolocation B.V.', 41887)",1
"('Aura Fiber OE A/S', 204274)",1
"('Nagravision SA', 200584)",1
"('Eir Broadband', 5466)",1
"('ImproWare AG', 6772)",1
"('Rostelecom', 35154)",1
"('True B.V.', 15703)",1
"('Deninet KFT', 29278)",1
"('Central Telegraph Public Joint-stock Company', 8615)",1
"('JTGlobal', 8681)",1
"('Limited Liability Company Izet Telecom Ural', 41925)",1
"('Comcable SA', 48432)",1
"('komro GmbH', 29413)",1
"('CityLanCom LTD', 25308)",1
"('NatCoWeb Corp.', 46636)",1
"('Meganet-2003 LLC', 51410)",1
"('Conecta 3 Telecom S.l.', 200810)",1
"('Digital Cable Systems S.A.', 6910)",1
"('MTS PJSC', 44895)",1
"('Bredband2 AB', 29518)",1
"('Stadtwerke Hammelburg GmbH', 39441)",1
"('Telemar s.p.a.', 13097)",1
"('KaseNet oy', 199087)",1
"('Trgovsko radiodifuzno drustvo kablovska televizija ROBI DOOEL Stip', 41557)",1
"('Multimedia Polska S.A.', 21021)",1
"('TNNet Oy', 30798)",1
"('408 Fl4 CATTOWER', 56309)",1
"('Tamatiya EOOD', 50360)",1
"('RT Electronics 2015 EOOD', 203543)",1
"('Vereinigte Stadtwerke Media GmbH', 198930)",1
"('Rostelecom', 8997)",1
"('Nevod-Region Ltd', 51032)",1
"('TELE2', 1257)",1
"('JSC ER-Telecom Holding', 50498)",1
"('Faust Isp Ltd.', 29074)",1
"('RIA Link Ltd', 49701)",1
"('Multinet24 Sp.zoo', 197099)",1
"('NVVI Internet Marketing', 198509)",1
"('INETHD Pawel Urban', 198646)",1
"('Tov berlayn', 59461)",1
"('EWE-Tel GmbH', 9145)",1
"('ITsjefen AS', 44381)",1
"('STARNET, s.r.o.', 44489)",1
"('Emirates Telecommunications Corporation', 5384)",1
"('Orange Moldova S.A.', 25454)",1
"('Dansk Net A/S', 35158)",1
"('Information Technologies LLC', 204718)",1
"('Ch-net S.r.l.', 41011)",1
"('Information and Communication Technologies LLC', 35539)",1
"('Proline TM Ltd.', 35530)",1
"('Adman LLC', 57494)",1
"('Teleradiocompany Discovery Ltd.', 47702)",1
"('PE Gritcun Oleksandr Viktorovich', 47889)",1
"('VSHosting s.r.o.', 43541)",1
"('Hi-Net Srl', 45041)",1
"('CloudVPS B.V.', 35470)",1
"('Style-Com', 44068)",1
"('Traffic Broadband Communications Ltd.', 48452)",1
"('ITSOFT LLC', 48614)",1
"('Doruk Iletisim ve Otomasyon Sanayi ve Ticaret A.S.', 8685)",1
"('Orange Belgium SA', 47377)",1
"('A.g.e. Networks Sistems S.r.l.', 58022)",1
"('EZIT Kft.', 62292)",1
"('Emirates Integrated Telecommunications Company PJSC (EITC-DU)', 15802)",1
"('MTS PJSC', 49154)",1
"('Ukrdatakom Ltd', 48278)",1
"('UAB Kauno interneto sistemos', 25190)",1
"('PS Internet Company LLC', 48716)",1
"('Vodafone Spain', 12430)",1
"('Volia', 20850)",1
"('JSC ER-Telecom Holding', 42116)",1
"('JSC ER-Telecom Holding', 42682)",1
"('MTS PJSC', 35728)",1
"('METRONET s.r.o.', 43708)",1
"('Leaseweb USA, Inc.', 19148)",1
"('East & West Sp. z o.o.', 43118)",1
"('Filoo GmbH', 47215)",1
"('Rayaneh Danesh Golestan Complex P.J.S. Co.', 42440)",1
"('MEDI@LYS', 39005)",1
"('Tiera Centr Ltd', 39598)",1
"('VAK Ltd.', 39762)",1
"('Leaseweb Uk Limited', 205544)",1
"('Nexeon Technologies, Inc.', 20278)",1
"(""SINET, Cambodia's specialist Internet and Telecom Service Provider."", 131207)",1
"('Premier Communications', 53347)",1
"('Level 3 Parent, LLC', 3549)",1
"('MYREPUBLIC LIMITED', 133579)",1
"('Vodafone Australia Pty Ltd', 133612)",1
"('Shanghai Chenyi Network Technology Co.,Ltd', 56001)",1
"('VolumeDrive', 46664)",1
"('Mammoth Media Pty Ltd', 133159)",1
"('USONYX PTE LTD', 38532)",1
"(""Pentanet Pty Ltd - bringing Perth's internet up to speed"", 132458)",1
"('OASISGSSERVICES', 135779)",1
"('htp GmbH', 13045)",1
"('Chequamegon Communications Cooperative, Inc.', 397122)",1
"('Tianxin Group Co., Limited', 133041)",1
"('First Innovation K.K.', 133476)",1
"('Proimage Engineering and Communication Co.,Ltd.', 23884)",1
"('Lao Data Center', 17804)",1
"('WIZ TECHNOLOGIES', 54415)",1
"('Ell Innovations Pvt Ltd', 136665)",1
"('LEMON TELECOMMUNICATIONS LIMITED', 132325)",1
"('Starry Network Limited', 134835)",1
"('Speedy Cloud International Co., Ltd', 138011)",1
"('Ultimate Mobile limited', 133192)",1
"('Highwinds Network Group, Inc.', 33438)",1
"('Wallowa Valley Networks, LLC', 22466)",1
"('QuickPacket, LLC', 46261)",1
"('Metronet', 30600)",1
"('PEG TECH INC', 54600)",1
"('Nodisto IT, LLC', 394727)",1
"('Telkom-Internet', 37457)",1
"('Vodacom-VB', 36994)",1
"('kbro CO. Ltd.', 38841)",1
"('China Networks Inter-Exchange', 4847)",1
"('SilverIP Communications Inc.', 396447)",1
"('Start Communications', 40788)",1
"('Ownit AB', 33885)",1
"('Kyiv Optic Networks ltd', 34056)",1
"('Networx-Bulgaria Ltd.', 34569)",1
"('JSC ER-Telecom Holding', 25408)",1
"('T-Mobile Czech Republic a.s.', 13036)",1
"('JSC ER-Telecom Holding', 56330)",1
"('JSC ER-Telecom Holding', 57378)",1
"('ESCOM Ltd. - Haskovo', 25374)",1
"('Telnet Limited', 34754)",1
"('Serverel Inc.', 50245)",1
"('Vsevnet Ltd.', 44882)",1
"('CentroNet a.s.', 29321)",1
"('CJSC Ekran', 196742)",1
"('Egor Timoshenko', 203493)",1
"('CAT TELECOM Public Company Ltd,CAT', 131090)",1
"('PT Telekomunikasi Indonesia', 7713)",1
"('True Internet Co.,Ltd.', 17552)",1
"('DigiCentre Company Limited', 7532)",1
"('Voyager Internet Ltd.', 56030)",1
"('SMILESERV', 38700)",1
"('Jupiter Telecommunication Co. Ltd', 9824)",1
"('VocusGroup', 9790)",1
"('Internet Initiative Japan Inc.', 2497)",1
"('StarHub Ltd', 4657)",1
"('PT Telekomunikasi Indonesia', 17974)",1
"('Carnegie Mellon University', 9)",1
"('HETZNER', 37153)",1
"('University of Tulsa', 8036)",1
"('Xirra GmbH', 51191)",1
"('Consortium GARR', 137)",1
"('PhoenixNAP', 59210)",1
"(""TOV 'Dream Line Holding'"", 42352)",1
"('University of Innsbruck', 1110)",1
"('Cloud Computing Corporation', 58519)",1
"('Jisc Services Limited', 786)",1
"('Hiawatha Broadband Communications, Inc', 14828)",1
"('WildPark Co', 31272)",1
"('Pohang University of Science and Technology', 3784)",1
"('Hong Kong University of Science and Technology', 3363)",1
"('Drexel University', 11834)",1
"('Nord-West Link NP', 42893)",1
"('Unet Communication LLC', 42518)",1
"('JSC Silknet', 15491)",1
"('Seoul National University', 9488)",1
"('Sail Internet, Inc.', 396097)",1
"('Monkey Brains', 32329)",1
"('ALTICE DOMINICANA S.A.', 12066)",1
"('Binariang Berhad', 9534)",1
"('OVH SAS', 35540)",1
"('ServiHosting Networks S.L.', 29119)",1
"('NetCom BW GmbH', 41998)",1
"('KAB-Tech-AS', 37628)",1
"('SunnyVision Limited', 38478)",1
"('Anchnet Asia Limited', 137443)",1
"('KALWINEK.NET Lukasz Kalwinek', 206455)",1
"('Nova ehf', 43571)",1
"('Renater', 2094)",1
"('Consorci de Serveis Universitaris de Catalunya', 13041)",1
"('PT. Eka Mas Republik', 63859)",1
"('Mega-Line Ltd.', 41750)",1
"('Net-style Atarim Ltd', 199267)",1
"('tzulo, inc.', 11878)",1
"('Wisconsin CyberLynk Network, Inc.', 21554)",1
"('Cloud Iv Limited', 63889)",1
"('Internet Bermuda Limited', 3855)",1
"('University of California, Los Angeles', 52)",1
"('Spirit Communications', 2711)",1
"('ARLINK S.A.', 28075)",1
"('Triple T Internet/Triple T Broadband', 45758)",1
"('National Capital Freenet Inc', 397168)",1
"('Cipherkey Exchange Corp.', 25668)",1
"('Windstream Communications LLC', 7029)",1
"('GloboTech Communications', 36666)",1
"('Serverel Inc.', 15317)",1
"('Farmers Telephone Cooperative, Inc.', 20257)",1
"('Webair Internet Development Company Inc.', 27257)",1
"('Omskie kabelnye seti Ltd.', 47165)",1
"('Ydea s.r.l.', 35131)",1
"('Domain names registrar REG.RU, Ltd', 49352)",1
"('Vladivostok Telecom Ltd.', 198182)",1
"('PE Freehost', 42331)",1
"('Hoster kg, Ltd.', 59684)",1
"('Intersvyaz-2 JSC', 8369)",1
"('JCR COMERCIO E SERVICOS DE TELECOMUNICACOES LTDA', 263319)",1
"('Private Stock company Sater', 29107)",1
"('Fast Telecommunications Company W.L.L.', 21050)",1
"('Closed Joint Stock Company TransTeleCom', 15774)",1
"('Hutchison Drei Austria GmbH', 25255)",1
"('T-Mobile Polska S.A.', 12912)",1
"('INTERRA telecommunications group, Ltd.', 48524)",1
"('Rostelecom', 8570)",1
"('Giganet Internet Szolgaltato Kft', 42864)",1
"('Enivest AS', 35132)",1
"('Data Miners S.A. ( Racknation.cr )', 52423)",1
"('AS Number for CHINANET jiangsu province backbone', 23650)",1
"('Telefonica del Peru S.A.A.', 6147)",1
"('EPM Telecomunicaciones S.A. E.S.P.', 13489)",1
"('Vodafone Ireland Limited', 15502)",1
"('Ip Core Corporation', 38638)",1
"('Atria Convergence Technologies pvt ltd', 18209)",1
"('Shanghai Mobile Communications Co.,Ltd.', 24400)",1
"('GleSYS AB', 42708)",1
"('Dagomys Telecom LLC', 48078)",1
"('AirAccess GmbH trading as Lightup Network Solutions GmbH & Co. KG', 25486)",1
"('Joshua Peter McQuistan', 200052)",1
"('Jan Stetina', 199298)",1
"('Optibit LLC', 8496)",1
"('First Colo GmbH', 44066)",1
"('DataClub S.A.', 203557)",1
"('FNE-Finland Ltd', 47605)",1
"('Altagen JSC', 50473)",1
"('senseLAN GmbH', 31736)",1
"('MK Netzdienste GmbH & Co. KG', 25394)",1
"('Electrica Sollerense SAU', 201704)",1
"('Sandyx Systems Limited', 201536)",1
"('Sia Nano IT', 43513)",1
"('Mike Kaldig', 200615)",1
"('ColoCenter b.v.', 58291)",1
"('Data Room, Inc', 19624)",1
"('Kviknet.dk ApS', 204151)",1
"('UK Dedicated Servers Limited', 42831)",1
"('Cloud Solutions LLC', 202933)",1
"('Web + Phone GmbH', 203224)",1
"('Internet4U Kereskedelmi es Szolgaltato Kft.', 20742)",1
"('NETH LLC', 202302)",1
"('Internet Group GmbH', 51262)",1
"('EVOBITS Information Technology SRL', 202779)",1
"('MivoCloud SRL', 39798)",1
"('Nethit Networks Oy', 42122)",1
"('2 Cloud Ltd.', 39845)",1
"('TENET Scientific Production Enterprise LLC', 6876)",1
"('TerraHost AS', 203629)",1
"('Alza.cz a.s.', 206591)",1
"('Megadata LLC', 206428)",1
"('Rapid Broadband Ltd', 42090)",1
"('Nostravant S.L.L.', 201453)",1
"('LLC RuWeb', 49189)",1
"('IT Outsourcing LLC', 64439)",1
"('Internet It Company Inc', 200313)",1
"('IWACOM Sp. z o.o.', 41508)",1
"('Administracion Nacional de Telecomunicaciones', 6057)",1
"('MILLICOM CABLE COSTA RICA S.A.', 262197)",1
"('TOTAL PLAY TELECOMUNICACIONES SA DE CV', 17072)",1
"('Combell NV', 34762)",1
"('SIA Baltcom', 20910)",1
"('FineMEDIA s.c.', 49743)",1
"('ELTA KABEL d.o.o.', 198252)",1
"('JSC ER-Telecom Holding', 51570)",1
"('JSC ER-Telecom Holding', 41786)",1
"('JSC ER-Telecom Holding', 39435)",1
"('Telecommunication company Link Telecom LTD', 29013)",1
"('Rom Electronic Company SRL', 16192)",1
"('Bulsatcom EAD', 43205)",1
"('TELECALL TELECOMUNICACOES', 52662)",1
"('Uninet S.A. de C.V.', 8151)",1
"('United Telecommunication Services (UTS)', 11081)",1
"('CPS', 11014)",1
"('Curacao Technology Exchange N.V (CTEX)', 52391)",1
"('Telmex Colombia S.A.', 10620)",1
"('Manquehuenet', 18822)",1
"('Telefonica Data S.A.', 10429)",1
"('Colombia Móvil', 27831)",1
"('SWITCH', 559)",1
"('The University of Melbourne, Melbourne, Victoria', 10148)",1
"('Broadband VI, LLC', 22581)",1
"('Ukfast.net Limited', 34934)",1
"('Latisys-Chicago, LLC', 17223)",1
"('Think On, Inc.', 394085)",1
"('East Central BOCES', 394209)",1
"('Black Mesa Wireless, LLC.', 395688)",1
"('VegasNAP, LLC', 53340)",1
"('Centrilogic, Inc.', 31863)",1
"('ARNES', 2107)",1
"('Virtual Systems LLC', 30860)",1
"('Utex-Telecom LLC', 51904)",1
"('UAB Biuro sprendimu tinklas', 43463)",1
"('Naukowa I Akademicka Siec Komputerowa Instytut Badawczy', 8308)",1
"('Zdruzenie pouzivatelov Slovenskej akademickej datovej siete', 2607)",1
"('FOP Petrusha Anton Alexsandrovich', 50281)",1
"('Volkhov Online Ltd', 196879)",1
"('Kylos sp. z o.o.', 48505)",1
"('Internet-Pro Ltd', 44128)",1
"('Parfumuri Femei.com SRL', 44220)",1
"('Tischuik Veaeslav Ooo', 39681)",1
"('Kauno Technologijos Universitetas', 2847)",1
"('Dial Telecom, a.s.', 29208)",1
"('Nxtservers Srl', 64398)",1
"('Staff Center Ship Management Ltd.', 198647)",1
"('Advanced Networks & Services Inc.', 1337)",1
"('Pp Sks-lugan', 35804)",1
"('Avantel, Close Joint Stock Company', 25227)",1
"('Radio station Radio set Ltd', 34715)",1
"('Andorra Telecom Sau', 6752)",1
"('Regional Informational Computer Center, Rovnen regional council', 20950)",1
"('Kabel-TV Lampert GmbH & Co KG', 59890)",1
"('Elisa Oyj', 790)",1
"('Vodafone-panafon Hellenic Telecommunications Company SA', 12361)",1
"('Cronyx Plus Ltd.', 8331)",1
"('SHRD SARL', 34197)",1
"('ITL LLC', 21100)",1
"('Kaja Komputer Krzysztof Jasek', 206948)",1
"('Peleng Ltd.', 34118)",1
"('IS', 3741)",1
"('OPTINET', 10474)",1
"('CipherWave', 37315)",1
"('Cronomagic Canada Inc.', 30236)",1
"('FranTech Solutions', 53667)",1
"('Reliable Hosting Services', 29713)",1
"('Lakeland Networks', 30549)",1
"('Kinetix Broadband, LLC', 46523)",1
"('Total Server Solutions L.L.C.', 46562)",1
"('COPEL Telecomunicações S.A.', 14868)",1
"('Gigacable de Aguascalientes, S.A. de C.V.', 28376)",1
"('Alestra, S. de R.L. de C.V.', 11172)",1
"('Cable Onda', 18809)",1
"('Jl. Raya Pasar Minggu no 99D', 17826)",1
"('KDD HONG KONG LIMITED', 7479)",1
"('IDC Frontier Inc.', 4694)",1
"('QUANTIL NETWORKS INC', 54994)",1
"('Kurashiki Cable TV', 9622)",1
"('China Unicom Shanghai network', 17621)",1
"('Shentel Communications, LLC', 4922)",1
"('5Nines Data, LLC', 16842)",1
"('WANSecurity, Inc.', 1421)",1
"('Isomedia, Inc.', 18530)",1
"('Peak Internet, LLC', 13868)",1
"('TBayTel', 32277)",1
"('N.T. Technology, Inc.', 32335)",1
"('Nebraska Central Telephone Company', 12241)",1
"('Owensboro Municipal Utilities', 13994)",1
"('Colocation America Corporation', 21769)",1
"('LES.NET', 18451)",1
"('JCWIFI.COM', 35862)",1
"('VivosWeb Inc.', 36472)",1
"('Free Software Foundation, Inc.', 22989)",1
"('Leaseweb USA, Inc.', 394380)",1
"('Leaseweb Asia Pacific pte. ltd.', 59253)",1
"('Telia Company AB', 1299)",1
"('MPOWER COMMUNICATIONS CORP.', 18687)",1
"('Syringa Networks, LLC', 15305)",1
"('Satellite Management Services, Inc.', 10489)",1
"('SuperInternet ACCESS Pte Ltd', 4844)",1
"('QTnet,Inc.', 7679)",1
"('LF.net Netzwerksysteme GmbH', 12374)",1
"('Maginfo CJSC', 8427)",1
"('SUPERMEDIA Sp.z.o.o.', 9085)",1
"('DNS:NET Internet Service GmbH', 15366)",1
"('ECS Rockenschaub GmbH', 49864)",1
"('Irideos S.p.A.', 5602)",1
"('Gigabit ApS', 60876)",1
"('Tellcom Iletisim Hizmetleri A.s.', 34984)",1
"('Servcom S.A.', 41256)",1
"('HT d.o.o. Mostar', 20875)",1
"('Radore Veri Merkezi Hizmetleri A.S.', 42926)",1
"('Evard Antennenbau AG', 42155)",1
"('Tehnologii Budushego LLC', 41665)",1
"('Willibald Hambammer trading as BK-DAT Electronics e.U.', 13292)",1
"('Cygate AB', 197308)",1
"('Kabelova televize Koprivnice, s.r.o.', 207198)",1
"('itself s.r.o.', 12570)",1
"('MDlink online service center GmbH', 43341)",1
"('Toesegaran Shabakeh Arseh Novin Ltd', 209741)",1
"('OOO SvyazInform', 39707)",1
"('Managed Network Systems Inc.', 7057)",1
"('Fastmetrics', 6994)",1
"('HostMySite', 20021)",1
"('Strong Technology, LLC.', 22781)",1
"('Cogeco Peer 1', 13768)",1
"('zColo', 13354)",1
"('InMotion Hosting, Inc.', 22611)",1
"('Blue Ridge Websoft, LLC', 22070)",1
"('ITL LLC', 15626)",1
"('10G.KZ LLC', 25534)",1
"('JSCC Interdnestrcom', 1547)",1
"('BITel Gesellschaft fuer Telekommunikation mbH', 198967)",1
"('Avaloq Sourcing (Switzerland & Liechtenstein) SA', 197312)",1
"('Okb Progress LLC', 39238)",1
"('KomMITT-Ratingen GmbH', 60522)",1
"('Mediam Oy', 39324)",1
"('State Educational Enterprise of Higher Professional Education Novosibirsk State Technical Un', 29147)",1
"('ENERGOTEL a.s.', 31117)",1
"('Varna Net Ltd.', 20665)",1
"('Zen Internet Ltd', 13037)",1
"('Claranet Ltd', 8426)",1
"('ZAO Tele-Service Tula', 35401)",1
"('MTS PJSC', 29194)",1
"('PJSC MegaFon', 20632)",1
"('So-net Corporation', 9600)",1
"('Exetel Pty Ltd', 10143)",1
"('Lightwave Networking, LLC', 1426)",2
"('ARTERIA Networks Corporation', 2519)",2
"('Network Internet', 265244)",2
"('Quickline AG', 15600)",2
"('MaxiTEL Telecom B.V.', 61349)",2
"('MSTN CJSC', 47478)",2
"('Metroset', 50923)",2
"('JSC ER-Telecom Holding', 51604)",2
"('OTEnet S.A.', 6799)",2
"('US Dedicated', 63018)",2
"('RECONN. Operator Svyazi, LLC', 12722)",2
"('Liberty Christian School', 32995)",2
"('Cable One', 11492)",2
"('ThinkDream Technology Limited', 135026)",2
"('MobileOne Ltd. Mobile/Internet Service Provider Singapore', 4773)",2
"('BGPNET Global ASN', 64050)",2
"('Ruscom Ltd.', 39741)",2
"('Relink LTD', 56577)",2
"('Vectra S.A.', 29314)",2
"('TurkNet Iletisim Hizmetleri A.S.', 12735)",2
"('SURFnet bv', 1133)",2
"('CESNET z.s.p.o.', 2852)",2
"('Cyprus Telecommunications Authority', 6866)",2
"('Saudi Telecom Company JSC', 25019)",2
"('Rackspace Hosting', 27357)",2
"('NETWORK INNOVATIONS, INC.', 53828)",2
"('System Service Ltd.', 50448)",2
"('IMAQLIQ SERVICE Ltd', 12555)",2
"('MOACK.Co.LTD', 138195)",2
"('HENGDA NETWORK LIMITED', 138415)",2
"('Korea Advanced Institute of Science and Technology', 1781)",2
"('CHINANET Guangdong province network', 134764)",2
"('Paragon Internet Group Limited', 198047)",2
"('Fikri DAL', 51540)",2
"('Adworlds Technologies Lp', 42775)",2
"('SWAN, a.s.', 16160)",2
"('InterWeb Media', 21793)",2
"('Petersburg Internet Network ltd.', 44050)",2
"('Sabay Digital (Cambodia)', 7712)",2
"('Content Delivery Network Ltd', 13188)",2
"('Rica Web Services', 26832)",2
"('Softcom Internet Communications, Inc.', 13427)",2
"('CoreSpace, Inc.', 54489)",2
"('TOCICI LLC', 14613)",2
"('Denetron LLC', 394738)",2
"('Steadfast', 32748)",2
"('University of Pennsylvania', 55)",2
"('UNIVERSITY OF SOUTH FLORIDA', 5661)",2
"('NYI', 11403)",2
"('New Continuum Holdings Corporation', 53264)",2
"('Overkill Interbuzz LLC', 397444)",2
"('NSS S.A.', 16814)",2
"('New Group Telecomunicacoes LTDA', 263905)",2
"('Megasvyaz LLC', 34602)",2
"('3S S.A.', 31242)",2
"('i3D.net B.V', 49544)",2
"('Snel.com B.V.', 62370)",2
"('AltusHost B.V.', 51430)",2
"('RWTH Aachen University', 47610)",2
"('Netassist Limited', 29632)",2
"('Duocast B.V.', 31477)",2
"('Andreas Fink trading as Fink Telecom Services', 6775)",2
"('SMART Comp. a.s.', 31246)",2
"('QSC AG', 15598)",2
"('Dragon Internet a.s.', 15614)",2
"('Forthnet', 1241)",2
"('Host Universal Pty Ltd', 136557)",2
"('Interhost Communication Solutions Ltd.', 61102)",2
"('Trader soft LLC', 201848)",2
"('Fjordane It As', 202128)",2
"('CommunityRack.org Verein', 39540)",2
"('Netrix SAS', 62000)",2
"('Hosting Solution Ltd.', 14576)",2
"('Talent House, Inc.', 3800)",2
"('Level7-AS', 327901)",2
"('Telia Stofa A/S', 39642)",2
"('Stockholms Stadsnat AB', 50821)",2
"('JSC ER-Telecom Holding', 12768)",2
"('2COM Co Ltd.', 8334)",2
"('A1 Hrvatska d.o.o.', 31012)",2
"('CYBERDYNE', 37560)",2
"('UAB Cgates', 21412)",2
"('Bharti Airtel Ltd., Telemedia Services', 24560)",2
"('Telia Latvija SIA', 5518)",2
"('Xenosite B.V.', 15426)",2
"('MULTACOM CORPORATION', 35916)",2
"('Cloud South', 13886)",2
"('Greenlight Networks, LLC', 31775)",2
"('Consolidated Communications, Inc.', 14051)",2
"('Samara State Aerospace University (SGAU)', 197467)",2
"('anyNode', 20150)",2
"('Hawaiian Telcom Services Company, Inc.', 36149)",2
"('R Cable y Telecomunicaciones Galicia, S.A.', 12334)",2
"('A1 Bulgaria EAD', 35141)",2
"('Hrvatski Telekom d.d.', 5391)",2
"('Entanet', 8468)",2
"('SFR SA', 8228)",2
"('Cooolbox AD', 9070)",2
"('Net By Net Holding LLC', 12714)",2
"('EDPNET NV', 9031)",2
"('green.ch AG', 1836)",2
"('SIA Tet', 12578)",2
"('kabelplus GmbH', 8339)",2
"('Genossenschaft GGA Maur', 21232)",2
"('Cambrium IT Services B.V.', 25596)",2
"('Iskratelecom CJSC', 30784)",2
"('Wi-Manx Limited', 42455)",2
"('Luxembourg Online S.A.', 8632)",2
"('Euronet Communications B.V.', 5390)",2
"('SFR SA', 21502)",2
"('Eniig Fiber A/S', 43557)",2
"('A1 Bulgaria EAD', 29580)",2
"('Three Fourteen SASU', 42275)",2
"('Tele Columbus AG', 35244)",2
"('Telenet SIA', 24589)",2
"('dogado GmbH', 45031)",2
"('Domain names registrar REG.RU, Ltd', 43146)",2
"('Freenet LTD', 31148)",2
"('Telemach d.o.o.', 41828)",2
"('Infotech Ltd.', 42765)",2
"('PE Brezhnev Daniil', 206638)",2
"('OJSC Ufanet', 24955)",2
"('PJSC Ukrtelecom', 6849)",2
"('GANDI SAS', 203476)",2
"('Saint-Petersburg Computer Networks Ltd.', 44923)",2
"('SkyNet Ltd.', 35807)",2
"('AIRWAYNET, a.s.', 48661)",2
"('root SA', 5577)",2
"('Octopusnet LTD', 44724)",2
"('TIS Dialog LLC', 31214)",2
"('Afrihost', 37611)",2
"('ABCDE GROUP COMPANY LIMITED', 133201)",2
"('EPB Fiber Optics', 26827)",2
"('Versaweb, LLC', 36114)",2
"('Guangdong Mobile Communication Co.Ltd.', 9808)",2
"('ShenZhen Topway Video Communication Co. Ltd', 17962)",2
"('HGC Global Communications Limited', 9304)",2
"('Singtel Fibre Broadband', 9506)",2
"('Starhub Ltd', 55430)",2
"('KINX', 9286)",2
"('SURFnet bv', 1103)",2
"('GMO Internet,Inc', 7506)",2
"('Snap Internet Limited', 23655)",2
"(""Joe's Datacenter, LLC"", 19969)",2
"('JasTel Network International Gateway', 45629)",2
"('UnderNet LLC', 41435)",2
"('Ojsc oao Tattelecom', 28840)",2
"('Telefonica de Argentina', 22927)",2
"('VSE NET GmbH', 9063)",2
"('ISI Line srl', 13113)",2
"('Abelohost BV', 204196)",2
"('Clouvider Limited', 62240)",2
"('Psychz Networks', 40676)",2
"('CANTV Servicios, Venezuela', 8048)",2
"('TELEFÓNICA CHILE S.A.', 7418)",2
"('TELEFÔNICA BRASIL S.A', 27699)",2
"('Perspectiva Ltd.', 41733)",2
"('Axtel, S.A.B. de C.V.', 6503)",2
"('Internap Corporation', 13789)",2
"('A1 Telekom Austria AG', 1901)",2
"('31173 Services AB', 39351)",2
"('GDC-ASN', 15825)",2
"('LLC McLaut-Invest', 25133)",2
"('MYREPUBLIC PTY LTD', 9310)",2
"('Internet Thailand Company Limited', 4618)",2
"('MetaPeer', 13331)",2
"('CDM', 6428)",2
"('Ucom LLC', 44395)",2
"('OOO MediaSeti', 49342)",2
"('Broadnet AS', 2116)",3
"('Icc Networks Ltd', 59445)",3
"('TDS TELECOM', 4181)",3
"('DAOU TECHNOLOGY', 45996)",3
"('RadioLAN spol. s r.o.', 43451)",3
"('Probe Networks', 29686)",3
"('GANDI SAS', 29169)",3
"('PVimpelCom', 3216)",3
"('CariNet, Inc.', 10439)",3
"('Techcrea Solutions SARL', 197922)",3
"('SonderCloud Limited', 133199)",3
"('HK Kwaifong Group Limited', 133115)",3
"('Rackspace IT Hosting AS IT Hosting Provider Hong Kong', 45187)",3
"('SAKURA Internet Inc.', 7684)",3
"('BIGLOBE Inc.', 2518)",3
"('Seti Weba Ltd', 196750)",3
"('Lynet Internett AS', 57963)",3
"('Master Internet s.r.o.', 24971)",3
"('ReliableSite.Net LLC', 23470)",3
"('Telecentro S.A.', 27747)",3
"('Fishnet Communications LLC', 43317)",3
"('Host Europe GmbH', 20773)",3
"('HostHatch, Inc', 63473)",3
"('WWZ Telekom AG', 8821)",3
"('Tilaa B.V.', 196752)",3
"('Freifunk Rheinland e.V.', 201701)",3
"('UpCloud Ltd', 202053)",3
"('Access2.IT Group B.V.', 205406)",3
"('Internet Keeper Global', 26484)",3
"('Huawei Cloud Service data center', 55990)",3
"('Philippine Long Distance Telephone Company', 9299)",3
"('Itace International Limited', 134705)",3
"('Iomart Cloud Services Limited', 20860)",3
"('Limestone Networks, Inc.', 46475)",3
"('eNET Inc.', 10297)",3
"('Charter Communications', 33588)",3
"('Daisy Communications Ltd', 5413)",3
"('A3 Sverige AB', 45011)",3
"('T-Mobile Austria GmbH', 8412)",3
"('Bezeq International', 8551)",3
"('Aruba S.p.A.', 31034)",3
"('Aruba S.p.A.', 205727)",3
"('EOLO S.p.A.', 35612)",3
"('JSC The First', 29182)",3
"('Nej.cz s.r.o.', 16246)",3
"('MTS PJSC', 8359)",3
"('Advania Island ehf', 50613)",3
"('Orange Polska Spolka Akcyjna', 5617)",3
"('QSC AG', 20676)",3
"('wilhelm.tel GmbH', 15943)",3
"('Cellcom Fixed Line Communication L.P.', 1680)",3
"('NET1 Ltd.', 43561)",3
"('POST Luxembourg', 6661)",3
"('Nos Comunicacoes, S.A.', 2860)",3
"('Serbia BroadBand-Srpske Kablovske mreze d.o.o.', 31042)",3
"('PE Ivanov Vitaliy Sergeevich', 48031)",3
"('TORAT Private Enterprise', 204601)",3
"('TalkTalk', 13285)",3
"('KDDI CORPORATION', 2516)",3
"('ViaNetTV Inc', 54198)",3
"('HIVELOCITY, Inc.', 54540)",3
"('Partner Communications Ltd.', 12400)",3
"('Primus Telecommunications', 9443)",3
"('Chubu Telecommunications Company, Inc.', 18126)",3
"('Bluewin', 57370)",3
"('Prima S.A.', 10481)",3
"('Akenes SA', 61098)",3
"('HUAWEI CLOUDS', 136907)",3
"('RamNode LLC', 3842)",3
"('Lanet Network Ltd', 39608)",3
"('Domain names registrar REG.RU, Ltd', 197695)",3
"('Invitech Megoldasok Zrt.', 12301)",3
"('Beijing Baidu Netcom Science and Technology Co., Ltd.', 55967)",3
"('Flokinet Ltd', 200651)",3
"('NTX Technologies s.r.o.', 50113)",3
"('Accelerated IT Services & Consulting GmbH', 31400)",3
"('On-Call Solutions', 14099)",3
"('Infium, UAB', 50297)",3
"('HEG US Inc.', 30083)",3
"('Dotsi, Unipessoal Lda.', 49349)",4
"('EE Limited', 12576)",4
"('CNSERVERS LLC', 40065)",4
"('Cogeco Cable', 7992)",4
"('T-Mobile Thuis BV', 50266)",4
"('Unilogic Networks B.V.', 28788)",4
"('Rackspace Hosting', 33070)",4
"('Midcontinent Communications', 11232)",4
"('Magyar Telekom plc.', 5483)",4
"('Sun Network (Hong Kong) Limited - HongKong Backbone', 38197)",4
"('Centrilogic, Inc.', 19693)",4
"('State Enterprise Scientific and Telecommunication Centre Ukrainian Academic and Research Netw', 3255)",4
"('Comlink Telecom Ltd.', 6858)",4
"('AIS Fibre', 133481)",4
"('Republican Unitary Telecommunication Enterprise Beltelecom', 6697)",4
"('DataShack, LC', 33387)",4
"('GorillaServers, Inc.', 53850)",4
"('TELEFÔNICA BRASIL S.A', 18881)",4
"('O2 Czech Republic, a.s.', 5610)",4
"('ISPpro Internet KG', 35366)",4
"('Makonix SIA', 52173)",4
"('Leaseweb Deutschland GmbH', 28753)",4
"('Cincinnati Bell Telephone Company LLC', 6181)",4
"('Tiscali SpA', 8612)",4
"('DIGI Tavkozlesi es Szolgaltato Kft.', 20845)",4
"('IMC LLC.', 34251)",4
"('Novus Entertainment Inc.', 40029)",4
"('Global Layer B.V.', 49453)",4
"('Slovak Telecom, a. s.', 6855)",4
"('TalkTalk', 9105)",4
"('IP Volume inc', 202425)",4
"('Telia Finland Oyj', 1759)",4
"('Andrews & Arnold Ltd', 20712)",4
"('LIWEST Kabelmedien GmbH', 12605)",4
"('Hydra Communications Ltd', 25369)",4
"('Vodafone Ono, S.A.', 6739)",4
"('Iway AG', 8758)",4
"('ecotel communication ag', 12312)",4
"('Telia Eesti AS', 3249)",4
"('Vodafone Portugal - Communicacoes Pessoais S.A.', 12353)",4
"('Ellada Projects B.V. trading as Netrouting', 47869)",4
"('EBOX', 1403)",4
"('TOT Public Company Limited', 23969)",4
"('MyRepublic Ltd.', 56300)",4
"('Hong Kong Broadband Network Ltd.', 9269)",4
"('Spark New Zealand Trading Ltd.', 4771)",4
"('Tele 2 Nederland B.V.', 13127)",4
"('PASWER INTERNATIONAL S.A.', 61442)",4
"('Hosting Operator eServer.ru Ltd.', 42244)",4
"('Host Sailor Ltd.', 60117)",4
"('Limited Liability Company KNOPP', 6719)",4
"('Zheye Networks', 136574)",5
"('Voxility LLP', 3223)",5
"('Tele Danmark', 3292)",5
"('ColoCrossing', 36352)",5
"('Servers.com, Inc.', 7979)",5
"('TIME dotCom Berhad', 9930)",5
"('China Telecom (Group)', 4812)",5
"('Wind Hellas Telecommunications SA', 25472)",5
"('T-2, d.o.o.', 34779)",5
"('KOMAX OOD', 41366)",5
"('TM Net, Internet Service Provider', 4788)",5
"('Obenetwork AB', 197595)",5
"('Bell Canada', 855)",5
"('WholeSale Internet, Inc.', 32097)",5
"('Telia Lietuva, AB', 8764)",5
"('Vodafone Limited', 5378)",5
"('Bouygues Telecom SA', 5410)",5
"('Kyivstar PJSC', 15895)",5
"('QuadraNet Enterprises LLC', 8100)",5
"('UCloud (HK) Holdings Group Limited', 135377)",5
"('Layerstack Limited', 133380)",5
"('Wind Tre S.p.A.', 1267)",5
"('COOL-IDEAS', 37680)",5
"('Aussie Broadband', 4764)",5
"('CABLEVISION S.A.', 10318)",5
"('Volia', 25229)",6
"('GoDaddy.com, LLC', 26496)",6
"('Servicos De Comunicacoes E Multimedia S.A.', 3243)",6
"('JSC Kazakhtelecom', 9198)",6
"('Enzu Inc', 18978)",6
"('JeffColo', 395502)",6
"('Verein zur Foerderung eines Deutschen Forschungsnetzes e.V.', 680)",6
"('Cogent Communications', 174)",6
"('So-net Entertainment Corporation', 2527)",6
"('Mediacom Communications Corp', 30036)",6
"('A1 Telekom Austria AG', 8447)",6
"('Salt Mobile SA', 15796)",6
"('CAIW Diensten B.V.', 15435)",6
"('DNA Oyj', 16086)",6
"('23media GmbH', 47447)",6
"('RCN', 6079)",6
"('NetCologne Gesellschaft fur Telekommunikation mbH', 8422)",6
"('Sonic Telecom LLC', 46375)",6
"('Orange Slovensko a.s.', 15962)",6
"('Proximus NV', 5432)",6
"('M247 Ltd', 9009)",6
"('LG DACOM Corporation', 3786)",6
"('Shinjiru Technology Sdn Bhd', 45839)",6
"('EVANZO e-commerce GmbH', 42730)",6
"('Serious Tubes Networks', 50066)",6
"('HKT Limited', 4760)",7
"('Serverius Holding B.V.', 50673)",7
"('WideOpenWest Finance LLC', 12083)",7
"('Suddenlink Communications', 19108)",7
"('Elisa Oyj', 719)",7
"('vanoppen.biz LLC', 11404)",7
"('AS number for New World Telephone Ltd.', 17444)",7
"('NTT Communications Corporation', 4713)",7
"('Webpass Inc.', 19165)",7
"('Telekom Slovenije, d.d.', 5603)",7
"('Hyperoptic Ltd', 56478)",7
"('Charter Communications Inc', 11426)",7
"('HostUS', 7489)",7
"('Xtra Telecom S.A.', 15704)",7
"('Microplex PTY LTD', 4804)",7
"('Charter Communications, Inc', 33363)",7
"('SoftLayer Technologies Inc.', 36351)",7
"('PVimpelCom', 8402)",7
"('Com Hem AB', 39651)",7
"('SECURED SERVERS LLC', 20454)",7
"('SAKURA Internet Inc.', 9370)",7
"('1&1 Internet SE', 8560)",8
"('T-Mobile Czech Republic a.s.', 5588)",8
"('OJS Moscow city telephone network', 25513)",8
"('Strato AG', 6724)",8
"('Bradler & Krantz GmbH & Co. KG', 29141)",8
"('Altibox AS', 29695)",8
"('Internode Pty Ltd', 4739)",8
"('Sunrise Communications AG', 6730)",8
"('Rostelecom', 42610)",8
"('SFR SA', 15557)",8
"('Vodafone Italia S.p.A.', 30722)",9
"('Videotron Telecom Ltee', 5769)",9
"('Softbank BB Corp.', 17676)",9
"('Orange Espagne SA', 12479)",9
"('Namecheap, Inc.', 22612)",9
"('M-net Telekommunikations GmbH', 8767)",10
"('HIVELOCITY, Inc.', 29802)",10
"('China Next Generation Internet CERNET2', 23910)",10
"('SuperNetwork s.r.o.', 39392)",10
"('CLARO S.A.', 28573)",10
"('Telenet BVBA', 6848)",10
"('Research Organization of Information and Systems, National Institute of Informatics', 2907)",10
"('Gigabit Hosting Sdn Bhd', 55720)",11
"('NETSEC', 45753)",11
"('China Unicom Beijing Province Network', 4808)",11
"('Telecom Italia', 3269)",11
"('Solar Communications GmbH', 197988)",11
"('Tencent Building, Kejizhongyi Avenue', 132203)",11
"('Get AS', 41164)",11
"('Rogers Communications Canada Inc.', 812)",11
"('Google LLC', 19527)",12
"('CHINA UNICOM China169 Backbone', 4837)",12
"('NForce Entertainment B.V.', 43350)",12
"('UAB Cherry Servers', 16125)",12
"('Google Fiber Inc.', 16591)",12
"('Vodafone GmbH', 3209)",13
"('Telia Company AB', 3301)",13
"('Transip B.V.', 20857)",13
"('Informacines sistemos ir technologijos, UAB', 61272)",13
"('DataWeb Global Group B.V.', 39572)",13
"('Telstra Corporation Ltd', 1221)",14
"('OOO Network of data-centers Selectel', 49505)",14
"('British Telecommunications PLC', 6871)",14
"('TELUS Communications Inc.', 852)",15
"('Sky UK Limited', 5607)",16
"('Rostelecom', 12389)",16
"('TPG Telecom Limited', 7545)",16
"('Charter Communications Inc', 11351)",16
"('Charter Communications Inc', 12271)",16
"('BelCloud Hosting Corporation', 44901)",16
"('Bell Canada', 577)",16
"('TekSavvy Solutions, Inc.', 5645)",17
"('velia.net Internetdienste GmbH', 29066)",17
"('Telenor Norge AS', 2119)",17
"('myLoc managed IT AG', 24961)",18
"('Data Communication Business Group', 3462)",18
"('Korea Telecom', 4766)",18
"('RCS & RDS', 8708)",19
"('Bahnhof AB', 8473)",19
"('Shaw Communications Inc.', 6327)",19
"('Cablevision Systems Corp.', 6128)",20
"('THC Projects SRL', 51177)",20
"('Fastweb', 12874)",21
"('British Telecommunications PLC', 2856)",22
"('Telefonica Germany', 6805)",22
"('Orange', 3215)",22
"('KPN B.V.', 1136)",22
"('No.31,Jin-rong Street', 4134)",23
"('Host Europe GmbH', 8972)",23
"('SK Broadband Co Ltd', 9318)",24
"('Charter Communications Inc', 20001)",25
"('Charter Communications Inc', 10796)",25
"('Init7 (Switzerland) Ltd.', 13030)",25
"('Telefonica De Espana', 3352)",25
"('1&1 Versatel Deutschland GmbH', 8881)",26
"('Hurricane Electric LLC', 6939)",27
"('Charter Communications Inc', 11427)",27
"('Microsoft Corporation', 8075)",28
"('Vodafone Libertel B.V.', 33915)",29
"('netcup GmbH', 197540)",29
"('CenturyLink Communications, LLC', 209)",29
"('LeaseWeb Netherlands B.V.', 60781)",32
"('UAB Rakrejus', 62282)",32
"('Cox Communications Inc.', 22773)",33
"('Frontier Communications of America, Inc.', 5650)",34
"('Shenzhen Tencent Computer Systems Company Limited', 45090)",35
"('Xs4all Internet BV', 3265)",37
"('Vodafone Kabel Deutschland GmbH', 31334)",39
"('WorldStream B.V.', 49981)",40
"('Virgin Media Limited', 5089)",41
"('Bluewin', 3303)",44
"('Charter Communications', 20115)",45
"('Free SAS', 12322)",55
"('AT&T Services, Inc.', 7018)",59
"('Linode, LLC', 63949)",59
"('Deutsche Telekom AG', 3320)",68
"('MCI Communications Services, Inc. d/b/a Verizon Business', 701)",75
"('Choopa, LLC', 20473)",82
"('Amazon.com, Inc.', 14618)",83
"('Online S.a.s.', 12876)",89
"('Hangzhou Alibaba Advertising Co.,Ltd.', 37963)",107
"('Liberty Global B.V.', 6830)",114
"('Google LLC', 15169)",123
"('Contabo GmbH', 51167)",131
"('Alibaba (US) Technology Co., Ltd.', 45102)",153
"('Comcast Cable Communications, LLC', 7922)",213
"('OVH SAS', 16276)",335
"('DigitalOcean, LLC', 14061)",490
"('Amazon.com, Inc.', 16509)",553
"('Hetzner Online GmbH', 24940)",590
